year,quarter,suppression,gennme,prodnme,atc4,atc5,totalRX
2019,1,F,Acebutolol Hydrochloride,ACEBUTOLOL HCL,C07AB,C07AB04,1044
2019,1,T,Acebutolol Hydrochloride,ACEBUTOLOL HCL,C07AB,C07AB04,0
2019,1,T,Acebutolol Hydrochloride,ACEBUTOLOL HCL AVPAK,C07AB,C07AB04,0
2019,1,T,Aliskiren,ALISKIREN,C09XA,C09XA02,0
2019,1,F,Aliskiren,TEKTURNA,C09XA,C09XA02,226
2019,1,T,Aliskiren,TEKTURNA,C09XA,C09XA02,0
2019,1,T,Aliskiren/Hydrochlorothiazide,TEKTURNA HCT,C09XA,C09XA52,0
2019,1,F,Ambrisentan,LETAIRIS,C02KX,C02KX02,4325
2019,1,T,Ambrisentan,LETAIRIS,C02KX,C02KX02,0
2019,1,F,Amiloride Hydrochloride,AMILORIDE HCL,C03DB,C03DB01,5228
2019,1,T,Amiloride Hydrochloride,AMILORIDE HCL,C03DB,C03DB01,0
2019,1,F,Amiloride Hydrochloride/Hydrochlorothiazide,AMILORIDE HCL/HYDROCHLOROTHIAZIDE,C03EA,C03EA01,929
2019,1,T,Amiloride Hydrochloride/Hydrochlorothiazide,AMILORIDE HCL/HYDROCHLOROTHIAZIDE,C03EA,C03EA01,0
2019,1,F,Amlodipine Besylate,AMLODIPINE BESYLATE,C08CA,C08CA01,2329341
2019,1,T,Amlodipine Besylate,AMLODIPINE BESYLATE,C08CA,C08CA01,0
2019,1,F,Amlodipine Besylate,AMLODIPINE BESYLATE AVPAK,C08CA,C08CA01,83
2019,1,T,Amlodipine Besylate,AMLODIPINE BESYLATE AVPAK,C08CA,C08CA01,0
2019,1,F,Amlodipine Besylate,NORVASC,C08CA,C08CA01,229
2019,1,T,Amlodipine Besylate,NORVASC,C08CA,C08CA01,0
2019,1,F,Amlodipine Besylate/Benazepril Hydrochloride,AMLODIPINE BESYLATE-BENAZEPRIL HCL,C09BB,C09BB13,56500
2019,1,T,Amlodipine Besylate/Benazepril Hydrochloride,AMLODIPINE BESYLATE-BENAZEPRIL HCL,C09BB,C09BB13,0
2019,1,T,Amlodipine Besylate/Benazepril Hydrochloride,LOTREL,C09BB,C09BB13,0
2019,1,F,Amlodipine Besylate/HCTZ/Olmesartan Medoxomil,AMLODIPINE BESYLATE-HCTZ-OLMESARTAN MEDOXOMIL,C09DX,C09DX03,649
2019,1,T,Amlodipine Besylate/HCTZ/Olmesartan Medoxomil,AMLODIPINE BESYLATE-HCTZ-OLMESARTAN MEDOXOMIL,C09DX,C09DX03,0
2019,1,T,Amlodipine Besylate/HCTZ/Olmesartan Medoxomil,TRIBENZOR,C09DX,C09DX03,0
2019,1,F,Amlodipine Besylate/Hydrochlorothiazide/Valsartan,AMLODIPINE-VALSARTAN-HYDROCHLOROTHIAZIDE,C09DX,C09DX01,656
2019,1,T,Amlodipine Besylate/Hydrochlorothiazide/Valsartan,AMLODIPINE-VALSARTAN-HYDROCHLOROTHIAZIDE,C09DX,C09DX01,0
2019,1,F,Amlodipine Besylate/Hydrochlorothiazide/Valsartan,EXFORGE HCT,C09DX,C09DX01,116
2019,1,T,Amlodipine Besylate/Hydrochlorothiazide/Valsartan,EXFORGE HCT,C09DX,C09DX01,0
2019,1,F,Amlodipine Besylate/Olmesartan Medoxomil,AMLODIPINE BESYLATE-OLMESARTAN MEDOXOMIL,C09DB,C09DB02,1234
2019,1,T,Amlodipine Besylate/Olmesartan Medoxomil,AMLODIPINE BESYLATE-OLMESARTAN MEDOXOMIL,C09DB,C09DB02,0
2019,1,T,Amlodipine Besylate/Olmesartan Medoxomil,AZOR,C09DB,C09DB02,0
2019,1,T,Amlodipine Besylate/Telmisartan,TELMISARTAN-AMLODIPINE BESYLATE,C09DB,C09DB04,0
2019,1,F,Amlodipine Besylate/Valsartan,AMLODIPINE BESYLATE-VALSARTAN,C09DB,C09DB01,2680
2019,1,T,Amlodipine Besylate/Valsartan,AMLODIPINE BESYLATE-VALSARTAN,C09DB,C09DB01,0
2019,1,T,Amlodipine Besylate/Valsartan,EXFORGE,C09DB,C09DB01,0
2019,1,T,Amlodipine/Perindopril Arginine,PRESTALIA,C09BB,C09BB04,0
2019,1,F,Atenolol,ATENOLOL,C07AB,C07AB03,410988
2019,1,T,Atenolol,ATENOLOL,C07AB,C07AB03,0
2019,1,T,Atenolol,TENORMIN,C07AB,C07AB03,0
2019,1,F,Atenolol/Chlorthalidone,ATENOLOL-CHLORTHALIDONE,C07CB,C07CB03,30853
2019,1,T,Atenolol/Chlorthalidone,ATENOLOL-CHLORTHALIDONE,C07CB,C07CB03,0
2019,1,T,Atenolol/Chlorthalidone,TENORETIC 50,C07CB,C07CB03,0
2019,1,F,Azilsartan Medoxomil/Chlorthalidone,EDARBYCLOR,C03BA,C03BA04,1117
2019,1,T,Azilsartan Medoxomil/Chlorthalidone,EDARBYCLOR,C03BA,C03BA04,0
2019,1,T,Benazepril Hydrochloride,BENAZEPRIL HCL AVPAK,C09AA,C09AA07,0
2019,1,F,Benazepril Hydrochloride,BENAZEPRIL HYDROCHLORIDE,C09AA,C09AA07,146124
2019,1,T,Benazepril Hydrochloride,BENAZEPRIL HYDROCHLORIDE,C09AA,C09AA07,0
2019,1,F,Benazepril Hydrochloride/Hydrochlorothiazide,BENAZEPRIL HCL/HYDROCHLOROTHIAZIDE,C09BA,C09BA07,13100
2019,1,T,Benazepril Hydrochloride/Hydrochlorothiazide,BENAZEPRIL HCL/HYDROCHLOROTHIAZIDE,C09BA,C09BA07,0
2019,1,T,Bendroflumethiazide/Nadolol,NADOLOL-BENDROFLUMETHIAZIDE,C07BA,C07BA12,0
2019,1,F,Betaxolol Hydrochloride,BETAXOLOL,C07AB,C07AB05,164
2019,1,T,Betaxolol Hydrochloride,BETAXOLOL,C07AB,C07AB05,0
2019,1,F,Bisoprolol Fumarate,BISOPROLOL FUMARATE,C07AB,C07AB07,29456
2019,1,T,Bisoprolol Fumarate,BISOPROLOL FUMARATE,C07AB,C07AB07,0
2019,1,F,Bisoprolol Fumarate/Hydrochlorothiazide,BISOPROLOL FUMARATE/HYDROCHLOROTHIAZIDE,C07BB,C07BB07,21976
2019,1,T,Bisoprolol Fumarate/Hydrochlorothiazide,BISOPROLOL FUMARATE/HYDROCHLOROTHIAZIDE,C07BB,C07BB07,0
2019,1,F,Bisoprolol Fumarate/Hydrochlorothiazide,BISOPROLOL/HCTZ,C07BB,C07BB07,390
2019,1,T,Bisoprolol Fumarate/Hydrochlorothiazide,BISOPROLOL/HCTZ,C07BB,C07BB07,0
2019,1,T,Bisoprolol Fumarate/Hydrochlorothiazide,ZIAC,C07BB,C07BB07,0
2019,1,F,Bosentan,TRACLEER,C02KX,C02KX01,768
2019,1,T,Bosentan,TRACLEER,C02KX,C02KX01,0
2019,1,F,Bumetanide,BUMETANIDE,C03CA,C03CA02,55057
2019,1,T,Bumetanide,BUMETANIDE,C03CA,C03CA02,0
2019,1,T,Bumetanide,BUMETANIDE NOVAPLUS,C03CA,C03CA02,0
2019,1,T,Candesartan Cilexetil,ATACAND,C09CA,C09CA06,0
2019,1,F,Candesartan Cilexetil,CANDESARTAN CILEXETIL,C09CA,C09CA06,4345
2019,1,T,Candesartan Cilexetil,CANDESARTAN CILEXETIL,C09CA,C09CA06,0
2019,1,T,Candesartan Cilexetil/Hydrochlorothiazide,ATACAND HCT,C09DA,C09DA06,0
2019,1,F,Candesartan Cilexetil/Hydrochlorothiazide,CANDESARTAN CILEXETIL-HYDROCHLOROTHIAZIDE,C09DA,C09DA06,490
2019,1,T,Candesartan Cilexetil/Hydrochlorothiazide,CANDESARTAN CILEXETIL-HYDROCHLOROTHIAZIDE,C09DA,C09DA06,0
2019,1,F,Captopril,CAPTOPRIL,C09AA,C09AA01,6278
2019,1,T,Captopril,CAPTOPRIL,C09AA,C09AA01,0
2019,1,F,Captopril/Hydrochlorothiazide,CAPTOPRIL/HYDROCHLOROTHIAZIDE,C09BA,C09BA01,66
2019,1,T,Captopril/Hydrochlorothiazide,CAPTOPRIL/HYDROCHLOROTHIAZIDE,C09BA,C09BA01,0
2019,1,F,Carvedilol,CARVEDILOL,C07AG,C07AG02,665126
2019,1,T,Carvedilol,CARVEDILOL,C07AG,C07AG02,0
2019,1,T,Carvedilol,COREG,C07AG,C07AG02,0
2019,1,F,Carvedilol Phosphate,CARVEDILOL,C07AG,C07AG02,883
2019,1,T,Carvedilol Phosphate,CARVEDILOL,C07AG,C07AG02,0
2019,1,F,Carvedilol Phosphate,COREG CR,C07AG,C07AG02,19
2019,1,T,Carvedilol Phosphate,COREG CR,C07AG,C07AG02,0
2019,1,F,Chlorothiazide,CHLOROTHIAZIDE,C03AA,C03AA04,1047
2019,1,T,Chlorothiazide,CHLOROTHIAZIDE,C03AA,C03AA04,0
2019,1,F,Chlorothiazide,DIURIL,C03AA,C03AA04,4855
2019,1,T,Chlorothiazide,DIURIL,C03AA,C03AA04,0
2019,1,F,Chlorthalidone,CHLORTHALIDONE,C03BA,C03BA04,173918
2019,1,T,Chlorthalidone,CHLORTHALIDONE,C03BA,C03BA04,0
2019,1,F,Clonidine Hydrochloride,CATAPRES,C02AC,C02AC01,50
2019,1,T,Clonidine Hydrochloride,CATAPRES,C02AC,C02AC01,0
2019,1,F,Clonidine Hydrochloride,CLONIDINE HCL,C02AC,C02AC01,1358387
2019,1,T,Clonidine Hydrochloride,CLONIDINE HCL,C02AC,C02AC01,0
2019,1,F,Clonidine Hydrochloride,DURACLON,C02AC,C02AC01,73
2019,1,T,Clonidine Hydrochloride,DURACLON,C02AC,C02AC01,0
2019,1,F,Clonidine Hydrochloride,KAPVAY,C02AC,C02AC01,172
2019,1,T,Clonidine Hydrochloride,KAPVAY,C02AC,C02AC01,0
2019,1,T,Diltiazem Hydrochloride,CARDIZEM,C08DB,C08DB01,0
2019,1,T,Diltiazem Hydrochloride,CARDIZEM CD,C08DB,C08DB01,0
2019,1,F,Diltiazem Hydrochloride,CARDIZEM LA,C08DB,C08DB01,232
2019,1,T,Diltiazem Hydrochloride,CARDIZEM LA,C08DB,C08DB01,0
2019,1,F,Diltiazem Hydrochloride,CARTIA XT,C08DB,C08DB01,41159
2019,1,T,Diltiazem Hydrochloride,CARTIA XT,C08DB,C08DB01,0
2019,1,F,Diltiazem Hydrochloride,DILT-XR,C08DB,C08DB01,16131
2019,1,T,Diltiazem Hydrochloride,DILT-XR,C08DB,C08DB01,0
2019,1,T,Diltiazem Hydrochloride,DILTIAZEM,C08DB,C08DB01,0
2019,1,T,Diltiazem Hydrochloride,DILTIAZEM CD,C08DB,C08DB01,0
2019,1,T,Diltiazem Hydrochloride,DILTIAZEM ER,C08DB,C08DB01,0
2019,1,F,Diltiazem Hydrochloride,DILTIAZEM HCL,C08DB,C08DB01,127505
2019,1,T,Diltiazem Hydrochloride,DILTIAZEM HCL,C08DB,C08DB01,0
2019,1,F,Diltiazem Hydrochloride,DILTIAZEM HCL CD,C08DB,C08DB01,2010
2019,1,T,Diltiazem Hydrochloride,DILTIAZEM HCL CD,C08DB,C08DB01,0
2019,1,F,Diltiazem Hydrochloride,MATZIM LA,C08DB,C08DB01,393
2019,1,T,Diltiazem Hydrochloride,MATZIM LA,C08DB,C08DB01,0
2019,1,T,Diltiazem Hydrochloride,TAZTIA XT,C08DB,C08DB01,0
2019,1,T,Diltiazem Hydrochloride,TIAZAC,C08DB,C08DB01,0
2019,1,T,Doxazosin Mesylate,CARDURA,C02CA,C02CA04,0
2019,1,T,Doxazosin Mesylate,CARDURA XL,C02CA,C02CA04,0
2019,1,F,Doxazosin Mesylate,DOXAZOSIN,C02CA,C02CA04,3647
2019,1,T,Doxazosin Mesylate,DOXAZOSIN,C02CA,C02CA04,0
2019,1,F,Doxazosin Mesylate,DOXAZOSIN MESYLATE,C02CA,C02CA04,51595
2019,1,T,Doxazosin Mesylate,DOXAZOSIN MESYLATE,C02CA,C02CA04,0
2019,1,F,Enalapril Maleate,ENALAPRIL MALEATE,C09AA,C09AA02,205672
2019,1,T,Enalapril Maleate,ENALAPRIL MALEATE,C09AA,C09AA02,0
2019,1,F,Enalapril Maleate,EPANED,C09AA,C09AA02,11313
2019,1,T,Enalapril Maleate,EPANED,C09AA,C09AA02,0
2019,1,T,Enalapril Maleate,VASOTEC,C09AA,C09AA02,0
2019,1,F,Enalapril Maleate/Hydrochlorothiazide,ENALAPRIL MALEATE-HYDROCHLOROTHIAZIDE,C09BA,C09BA02,167
2019,1,T,Enalapril Maleate/Hydrochlorothiazide,ENALAPRIL MALEATE-HYDROCHLOROTHIAZIDE,C09BA,C09BA02,0
2019,1,F,Enalapril Maleate/Hydrochlorothiazide,ENALAPRIL/HCTZ,C09BA,C09BA02,12721
2019,1,T,Enalapril Maleate/Hydrochlorothiazide,ENALAPRIL/HCTZ,C09BA,C09BA02,0
2019,1,T,Enalapril Maleate/Hydrochlorothiazide,VASERETIC,C09BA,C09BA02,0
2019,1,F,Eplerenone,EPLERENONE,C03DA,C03DA04,4470
2019,1,T,Eplerenone,EPLERENONE,C03DA,C03DA04,0
2019,1,T,Eplerenone,INSPRA,C03DA,C03DA04,0
2019,1,F,Felodipine,FELODIPINE,C08CA,C08CA02,7019
2019,1,T,Felodipine,FELODIPINE,C08CA,C08CA02,0
2019,1,F,Fosinopril Sodium,FOSINOPRIL SODIUM,C09AA,C09AA09,3649
2019,1,T,Fosinopril Sodium,FOSINOPRIL SODIUM,C09AA,C09AA09,0
2019,1,F,Fosinopril Sodium/Hydrochlorothiazide,FOSINOPRIL SODIUM-HYDROCHLOROTHIAZIDE,C09BA,C09BA09,93
2019,1,T,Fosinopril Sodium/Hydrochlorothiazide,FOSINOPRIL SODIUM-HYDROCHLOROTHIAZIDE,C09BA,C09BA09,0
2019,1,F,Furosemide,FUROSEMIDE,C03CA,C03CA01,908359
2019,1,T,Furosemide,FUROSEMIDE,C03CA,C03CA01,0
2019,1,F,Furosemide,FUROSEMIDE NOVAPLUS,C03CA,C03CA01,938
2019,1,T,Furosemide,FUROSEMIDE NOVAPLUS,C03CA,C03CA01,0
2019,1,F,Furosemide,LASIX,C03CA,C03CA01,60
2019,1,T,Furosemide,LASIX,C03CA,C03CA01,0
2019,1,F,Furosemide,PREMIERPRO RX FUROSEMIDE,C03CA,C03CA01,1097
2019,1,T,Furosemide,PREMIERPRO RX FUROSEMIDE,C03CA,C03CA01,0
2019,1,F,Guanfacine Hydrochloride,GUANFACINE HCL,C02AC,C02AC02,837750
2019,1,T,Guanfacine Hydrochloride,GUANFACINE HCL,C02AC,C02AC02,0
2019,1,F,Guanfacine Hydrochloride,GUANFACINE HCL AVPAK,C02AC,C02AC02,102
2019,1,T,Guanfacine Hydrochloride,GUANFACINE HCL AVPAK,C02AC,C02AC02,0
2019,1,F,Guanfacine Hydrochloride,INTUNIV,C02AC,C02AC02,5333
2019,1,T,Guanfacine Hydrochloride,INTUNIV,C02AC,C02AC02,0
2019,1,F,Hydralazine Hydrochloride,HYDRALAZINE HCL,C02DB,C02DB02,217650
2019,1,T,Hydralazine Hydrochloride,HYDRALAZINE HCL,C02DB,C02DB02,0
2019,1,F,Hydralazine Hydrochloride/Isosorbide Dinitrate,BIDIL,C02DB,C02DB02,1686
2019,1,T,Hydralazine Hydrochloride/Isosorbide Dinitrate,BIDIL,C02DB,C02DB02,0
2019,1,F,Hydrochlorothiazide,HYDROCHLOROTHIAZIDE,C03AA,C03AA03,1268973
2019,1,T,Hydrochlorothiazide,HYDROCHLOROTHIAZIDE,C03AA,C03AA03,0
2019,1,T,Hydrochlorothiazide,MICROZIDE,C03AA,C03AA03,0
2019,1,T,Hydrochlorothiazide/Irbesartan,AVALIDE,C09DA,C09DA04,0
2019,1,F,Hydrochlorothiazide/Irbesartan,IRBESARTAN/HYDROCHLOROTHIAZIDE,C09DA,C09DA04,10601
2019,1,T,Hydrochlorothiazide/Irbesartan,IRBESARTAN/HYDROCHLOROTHIAZIDE,C09DA,C09DA04,0
2019,1,F,Hydrochlorothiazide/Lisinopril,LISINOPRIL/HYDROCHLOROTHIAZIDE,C09BA,C09BA03,561007
2019,1,T,Hydrochlorothiazide/Lisinopril,LISINOPRIL/HYDROCHLOROTHIAZIDE,C09BA,C09BA03,0
2019,1,T,Hydrochlorothiazide/Lisinopril,ZESTORETIC,C09BA,C09BA03,0
2019,1,T,Hydrochlorothiazide/Losartan Potassium,HYZAAR,C09DA,C09DA01,0
2019,1,F,Hydrochlorothiazide/Losartan Potassium,LOSARTAN POTASSIUM-HYDROCHLOROTHIAZIDE,C09DA,C09DA01,388050
2019,1,T,Hydrochlorothiazide/Losartan Potassium,LOSARTAN POTASSIUM-HYDROCHLOROTHIAZIDE,C09DA,C09DA01,0
2019,1,T,Hydrochlorothiazide/Losartan Potassium,LOSARTAN POTASSIUM-HYDROCHLOROTHIAZIDE AVPAK,C09DA,C09DA01,0
2019,1,T,Hydrochlorothiazide/Methyldopa,METHYLDOPA/HCTZ,C02LB,C02LB01,0
2019,1,T,Hydrochlorothiazide/Metoprolol Succinate,DUTOPROL,C07BB,C07BB02,0
2019,1,F,Hydrochlorothiazide/Metoprolol Tartrate,METOPROLOL TARTRATE/HYDROCHLOROTHIAZIDE,C07BB,C07BB02,2510
2019,1,T,Hydrochlorothiazide/Metoprolol Tartrate,METOPROLOL TARTRATE/HYDROCHLOROTHIAZIDE,C07BB,C07BB02,0
2019,1,T,Hydrochlorothiazide/Moexipril Hydrochloride,MOEXIPRIL HCL-HYDROCHLOROTHIAZIDE,C09BA,C09BA13,0
2019,1,T,Hydrochlorothiazide/Propranolol Hydrochloride,PROPRANOLOL/HCTZ,C07BA,C07BA05,0
2019,1,F,Hydrochlorothiazide/Quinapril Hydrochloride,QUINAPRIL HCL/HYDROCHLOROTHIAZIDE,C09BA,C09BA06,896
2019,1,T,Hydrochlorothiazide/Quinapril Hydrochloride,QUINAPRIL HCL/HYDROCHLOROTHIAZIDE,C09BA,C09BA06,0
2019,1,T,Hydrochlorothiazide/Spironolactone,ALDACTAZIDE,C03EA,C03EA01,0
2019,1,F,Hydrochlorothiazide/Spironolactone,SPIRONOLACTONE-HYDROCHLOROTHIAZIDE,C03EA,C03EA01,9946
2019,1,T,Hydrochlorothiazide/Spironolactone,SPIRONOLACTONE-HYDROCHLOROTHIAZIDE,C03EA,C03EA01,0
2019,1,F,Hydrochlorothiazide/Telmisartan,MICARDIS HCT,C09DA,C09DA07,251
2019,1,T,Hydrochlorothiazide/Telmisartan,MICARDIS HCT,C09DA,C09DA07,0
2019,1,F,Hydrochlorothiazide/Telmisartan,TELMISARTAN/HYDROCHLOROTHIAZIDE,C09DA,C09DA07,1044
2019,1,T,Hydrochlorothiazide/Telmisartan,TELMISARTAN/HYDROCHLOROTHIAZIDE,C09DA,C09DA07,0
2019,1,T,Hydrochlorothiazide/Triamterene,DYAZIDE,C03EA,C03EA01,0
2019,1,T,Hydrochlorothiazide/Triamterene,MAXZIDE,C03EA,C03EA01,0
2019,1,T,Hydrochlorothiazide/Triamterene,MAXZIDE-25,C03EA,C03EA01,0
2019,1,F,Hydrochlorothiazide/Triamterene,TRIAMTERENE/HYDROCHLOROTHIAZIDE,C03EA,C03EA01,130662
2019,1,T,Hydrochlorothiazide/Triamterene,TRIAMTERENE/HYDROCHLOROTHIAZIDE,C03EA,C03EA01,0
2019,1,F,Hydrochlorothiazide/Valsartan,DIOVAN HCT,C09DA,C09DA03,69
2019,1,T,Hydrochlorothiazide/Valsartan,DIOVAN HCT,C09DA,C09DA03,0
2019,1,F,Hydrochlorothiazide/Valsartan,VALSARTAN/HYDROCHLOROTHIAZIDE,C09DA,C09DA03,24854
2019,1,T,Hydrochlorothiazide/Valsartan,VALSARTAN/HYDROCHLOROTHIAZIDE,C09DA,C09DA03,0
2019,1,F,Indapamide,INDAPAMIDE,C03BA,C03BA11,8805
2019,1,T,Indapamide,INDAPAMIDE,C03BA,C03BA11,0
2019,1,T,Irbesartan,AVAPRO,C09CA,C09CA04,0
2019,1,F,Irbesartan,IRBESARTAN,C09CA,C09CA04,40022
2019,1,T,Irbesartan,IRBESARTAN,C09CA,C09CA04,0
2019,1,T,Irbesartan,IRBESARTAN AVPAK,C09CA,C09CA04,0
2019,1,F,Isradipine,ISRADIPINE,C08CA,C08CA03,151
2019,1,T,Isradipine,ISRADIPINE,C08CA,C08CA03,0
2019,1,T,Isradipine,ISRADIPINE AVPAK,C08CA,C08CA03,0
2019,1,F,Labetalol Hydrochloride,LABETALOL HCL,C07AG,C07AG01,142113
2019,1,T,Labetalol Hydrochloride,LABETALOL HCL,C07AG,C07AG01,0
2019,1,F,Lisinopril,LISINOPRIL,C09AA,C09AA03,2813814
2019,1,T,Lisinopril,LISINOPRIL,C09AA,C09AA03,0
2019,1,T,Lisinopril,PRINIVIL,C09AA,C09AA03,0
2019,1,F,Lisinopril,QBRELIS,C09AA,C09AA03,1373
2019,1,T,Lisinopril,QBRELIS,C09AA,C09AA03,0
2019,1,T,Lisinopril,ZESTRIL,C09AA,C09AA03,0
2019,1,F,Losartan Potassium,COZAAR,C09CA,C09CA01,13
2019,1,T,Losartan Potassium,COZAAR,C09CA,C09CA01,0
2019,1,F,Losartan Potassium,LOSARTAN POTASSIUM,C09CA,C09CA01,1292456
2019,1,T,Losartan Potassium,LOSARTAN POTASSIUM,C09CA,C09CA01,0
2019,1,T,Losartan Potassium,LOSARTAN POTASSIUM AVPAK,C09CA,C09CA01,0
2019,1,F,Macitentan,OPSUMIT,C02KX,C02KX04,2317
2019,1,T,Macitentan,OPSUMIT,C02KX,C02KX04,0
2019,1,T,Methyclothiazide,METHYCLOTHIAZIDE,C03AA,C03AA08,0
2019,1,F,Methyldopa,METHYLDOPA,C02AB,C02AB01,5107
2019,1,T,Methyldopa,METHYLDOPA,C02AB,C02AB01,0
2019,1,F,Metolazone,METOLAZONE,C03BA,C03BA08,26375
2019,1,T,Metolazone,METOLAZONE,C03BA,C03BA08,0
2019,1,T,Metoprolol Succinate,KAPSPARGO SPRINKLE,C07AB,C07AB02,0
2019,1,F,Metoprolol Succinate,METOPROLOL SUCCINATE,C07AB,C07AB02,1001701
2019,1,T,Metoprolol Succinate,METOPROLOL SUCCINATE,C07AB,C07AB02,0
2019,1,F,Metoprolol Succinate,TOPROL XL,C07AB,C07AB02,871
2019,1,T,Metoprolol Succinate,TOPROL XL,C07AB,C07AB02,0
2019,1,T,Metoprolol Tartrate,LOPRESSOR,C07AB,C07AB02,0
2019,1,F,Metoprolol Tartrate,METOPROLOL TARTRATE,C07AB,C07AB02,918087
2019,1,T,Metoprolol Tartrate,METOPROLOL TARTRATE,C07AB,C07AB02,0
2019,1,T,Metyrosine,DEMSER,C02KB,C02KB01,0
2019,1,F,Minoxidil,MINOXIDIL,C02DC,C02DC01,10091
2019,1,T,Minoxidil,MINOXIDIL,C02DC,C02DC01,0
2019,1,F,Moexipril Hydrochloride,MOEXIPRIL HYDROCHLORIDE,C09AA,C09AA13,17
2019,1,T,Moexipril Hydrochloride,MOEXIPRIL HYDROCHLORIDE,C09AA,C09AA13,0
2019,1,T,Nadolol,CORGARD,C07AA,C07AA12,0
2019,1,F,Nadolol,NADOLOL,C07AA,C07AA12,26099
2019,1,T,Nadolol,NADOLOL,C07AA,C07AA12,0
2019,1,F,Nebivolol Hydrochloride,BYSTOLIC,C07AB,C07AB12,17847
2019,1,T,Nebivolol Hydrochloride,BYSTOLIC,C07AB,C07AB12,0
2019,1,T,Nebivolol/Valsartan,BYVALSON,C09DX,C09DX05,0
2019,1,F,Nicardipine Hydrochloride,NICARDIPINE HCL,C08CA,C08CA04,70
2019,1,T,Nicardipine Hydrochloride,NICARDIPINE HCL,C08CA,C08CA04,0
2019,1,T,Nifedipine,ADALAT CC,C08CA,C08CA05,0
2019,1,F,Nifedipine,AFEDITAB CR,C08CA,C08CA05,19
2019,1,T,Nifedipine,AFEDITAB CR,C08CA,C08CA05,0
2019,1,F,Nifedipine,NIFEDICAL XL,C08CA,C08CA05,285
2019,1,T,Nifedipine,NIFEDICAL XL,C08CA,C08CA05,0
2019,1,F,Nifedipine,NIFEDIPINE,C08CA,C08CA05,240672
2019,1,T,Nifedipine,NIFEDIPINE,C08CA,C08CA05,0
2019,1,T,Nifedipine,NIFEDIPINE AVPAK,C08CA,C08CA05,0
2019,1,T,Nifedipine,PROCARDIA,C08CA,C08CA05,0
2019,1,T,Nifedipine,PROCARDIA XL,C08CA,C08CA05,0
2019,1,T,Nimodipine,NIMODIPINE,C08CA,C08CA06,0
2019,1,T,Nimodipine,NYMALIZE,C08CA,C08CA06,0
2019,1,F,Nisoldipine,NISOLDIPINE,C08CA,C08CA07,53
2019,1,T,Nisoldipine,NISOLDIPINE,C08CA,C08CA07,0
2019,1,F,Perindopril Erbumine,PERINDOPRIL ERBUMINE,C09AA,C09AA04,61
2019,1,T,Perindopril Erbumine,PERINDOPRIL ERBUMINE,C09AA,C09AA04,0
2019,1,F,Pindolol,PINDOLOL,C07AA,C07AA03,1184
2019,1,T,Pindolol,PINDOLOL,C07AA,C07AA03,0
2019,1,T,Prazosin Hydrochloride,MINIPRESS,C02CA,C02CA01,0
2019,1,F,Prazosin Hydrochloride,PRAZOSIN HCL,C02CA,C02CA01,344929
2019,1,T,Prazosin Hydrochloride,PRAZOSIN HCL,C02CA,C02CA01,0
2019,1,F,Propranolol Hydrochloride,HEMANGEOL,C07AA,C07AA05,714
2019,1,T,Propranolol Hydrochloride,HEMANGEOL,C07AA,C07AA05,0
2019,1,T,Propranolol Hydrochloride,INDERAL LA,C07AA,C07AA05,0
2019,1,T,Propranolol Hydrochloride,INDERAL XL,C07AA,C07AA05,0
2019,1,T,Propranolol Hydrochloride,INNOPRAN XL,C07AA,C07AA05,0
2019,1,F,Propranolol Hydrochloride,PROPRANOLOL HCL,C07AA,C07AA05,483832
2019,1,T,Propranolol Hydrochloride,PROPRANOLOL HCL,C07AA,C07AA05,0
2019,1,F,Propranolol Hydrochloride,PROPRANOLOL HCL AVPAK,C07AA,C07AA05,15
2019,1,T,Propranolol Hydrochloride,PROPRANOLOL HCL AVPAK,C07AA,C07AA05,0
2019,1,T,Quinapril Hydrochloride,ACCUPRIL,C09AA,C09AA06,0
2019,1,F,Quinapril Hydrochloride,QUINAPRIL,C09AA,C09AA06,13970
2019,1,T,Quinapril Hydrochloride,QUINAPRIL,C09AA,C09AA06,0
2019,1,F,Quinapril Hydrochloride,QUINAPRIL HCL,C09AA,C09AA06,13
2019,1,T,Quinapril Hydrochloride,QUINAPRIL HCL,C09AA,C09AA06,0
2019,1,T,Ramipril,ALTACE,C09AA,C09AA05,0
2019,1,F,Ramipril,RAMIPRIL,C09AA,C09AA05,43630
2019,1,T,Ramipril,RAMIPRIL,C09AA,C09AA05,0
2019,1,F,Riociguat,ADEMPAS,C02KX,C02KX05,599
2019,1,T,Riociguat,ADEMPAS,C02KX,C02KX05,0
2019,1,F,Sacubitril/Valsartan,ENTRESTO,C09DX,C09DX04,42712
2019,1,T,Sacubitril/Valsartan,ENTRESTO,C09DX,C09DX04,0
2019,1,T,Sotalol Hydrochloride,BETAPACE,C07AA,C07AA07,0
2019,1,T,Sotalol Hydrochloride,BETAPACE AF,C07AA,C07AA07,0
2019,1,T,Sotalol Hydrochloride,SORINE,C07AA,C07AA07,0
2019,1,F,Sotalol Hydrochloride,SOTALOL HCL,C07AA,C07AA07,17785
2019,1,T,Sotalol Hydrochloride,SOTALOL HCL,C07AA,C07AA07,0
2019,1,F,Sotalol Hydrochloride,SOTALOL HCL AF,C07AA,C07AA07,279
2019,1,T,Sotalol Hydrochloride,SOTALOL HCL AF,C07AA,C07AA07,0
2019,1,F,Sotalol Hydrochloride,SOTYLIZE,C07AA,C07AA07,225
2019,1,T,Sotalol Hydrochloride,SOTYLIZE,C07AA,C07AA07,0
2019,1,T,Spironolactone,ALDACTONE,C03DA,C03DA01,0
2019,1,F,Spironolactone,CAROSPIR,C03DA,C03DA01,1388
2019,1,T,Spironolactone,CAROSPIR,C03DA,C03DA01,0
2019,1,F,Spironolactone,SPIRONOLACTONE,C03DA,C03DA01,443064
2019,1,T,Spironolactone,SPIRONOLACTONE,C03DA,C03DA01,0
2019,1,F,Spironolactone,SPIRONOLACTONE AVPAK,C03DA,C03DA01,75
2019,1,F,Telmisartan,MICARDIS,C09CA,C09CA07,1223
2019,1,T,Telmisartan,MICARDIS,C09CA,C09CA07,0
2019,1,F,Telmisartan,TELMISARTAN,C09CA,C09CA07,5089
2019,1,T,Telmisartan,TELMISARTAN,C09CA,C09CA07,0
2019,1,T,Timolol Maleate,TIMOLOL MALEATE,C07AA,C07AA06,0
2019,1,T,Tolvaptan,SAMSCA,C03XA,C03XA01,0
2019,1,F,Tolvaptan;Tolvaptan,JYNARQUE 45/15,C03XA,C03XA01,113
2019,1,T,Tolvaptan;Tolvaptan,JYNARQUE 45/15,C03XA,C03XA01,0
2019,1,T,Tolvaptan;Tolvaptan,JYNARQUE 60/30,C03XA,C03XA01,0
2019,1,T,Tolvaptan;Tolvaptan,JYNARQUE 90/30,C03XA,C03XA01,0
2019,1,F,Torsemide,TORSEMIDE,C03CA,C03CA04,49655
2019,1,T,Torsemide,TORSEMIDE,C03CA,C03CA04,0
2019,1,T,Torsemide,TORSEMIDE AVPAK,C03CA,C03CA04,0
2019,1,F,Trandolapril,TRANDOLAPRIL,C09AA,C09AA10,238
2019,1,T,Trandolapril,TRANDOLAPRIL,C09AA,C09AA10,0
2019,1,T,Trandolapril/Verapamil Hydrochloride,TARKA,C09BB,C09BB10,0
2019,1,T,Trandolapril/Verapamil Hydrochloride,TRANDOLAPRIL/VERAPAMIL HCL,C09BB,C09BB10,0
2019,1,T,Triamterene,DYRENIUM,C03DB,C03DB02,0
2019,1,F,Valsartan,DIOVAN,C09CA,C09CA03,4072
2019,1,T,Valsartan,DIOVAN,C09CA,C09CA03,0
2019,1,F,Valsartan,VALSARTAN,C09CA,C09CA03,36752
2019,1,T,Valsartan,VALSARTAN,C09CA,C09CA03,0
2019,1,T,Valsartan,VALSARTAN AVPAK,C09CA,C09CA03,0
2019,1,T,Verapamil Hydrochloride,CALAN,C08DA,C08DA01,0
2019,1,T,Verapamil Hydrochloride,CALAN SR,C08DA,C08DA01,0
2019,1,F,Verapamil Hydrochloride,VERAPAMIL HCL,C08DA,C08DA01,86088
2019,1,T,Verapamil Hydrochloride,VERAPAMIL HCL,C08DA,C08DA01,0
2019,1,T,Verapamil Hydrochloride,VERAPAMIL HCL NOVAPLUS,C08DA,C08DA01,0
2019,1,T,Verapamil Hydrochloride,VERELAN,C08DA,C08DA01,0
2019,1,T,Verapamil Hydrochloride,VERELAN PM,C08DA,C08DA01,0
2019,2,F,Acebutolol Hydrochloride,ACEBUTOLOL HCL,C07AB,C07AB04,1125
2019,2,T,Acebutolol Hydrochloride,ACEBUTOLOL HCL,C07AB,C07AB04,0
2019,2,T,Acebutolol Hydrochloride,ACEBUTOLOL HCL AVPAK,C07AB,C07AB04,0
2019,2,F,Aliskiren,ALISKIREN,C09XA,C09XA02,15
2019,2,T,Aliskiren,ALISKIREN,C09XA,C09XA02,0
2019,2,F,Aliskiren,TEKTURNA,C09XA,C09XA02,43
2019,2,T,Aliskiren,TEKTURNA,C09XA,C09XA02,0
2019,2,T,Aliskiren/Hydrochlorothiazide,TEKTURNA HCT,C09XA,C09XA52,0
2019,2,F,Ambrisentan,AMBRISENTAN,C02KX,C02KX02,121
2019,2,T,Ambrisentan,AMBRISENTAN,C02KX,C02KX02,0
2019,2,F,Ambrisentan,LETAIRIS,C02KX,C02KX02,3874
2019,2,T,Ambrisentan,LETAIRIS,C02KX,C02KX02,0
2019,2,F,Amiloride Hydrochloride,AMILORIDE HCL,C03DB,C03DB01,5375
2019,2,T,Amiloride Hydrochloride,AMILORIDE HCL,C03DB,C03DB01,0
2019,2,T,Amiloride Hydrochloride,AMILORIDE HCL AVPAK,C03DB,C03DB01,0
2019,2,F,Amiloride Hydrochloride/Hydrochlorothiazide,AMILORIDE HCL/HYDROCHLOROTHIAZIDE,C03EA,C03EA01,809
2019,2,T,Amiloride Hydrochloride/Hydrochlorothiazide,AMILORIDE HCL/HYDROCHLOROTHIAZIDE,C03EA,C03EA01,0
2019,2,F,Amlodipine Besylate,AMLODIPINE BESYLATE,C08CA,C08CA01,2286422
2019,2,T,Amlodipine Besylate,AMLODIPINE BESYLATE,C08CA,C08CA01,0
2019,2,F,Amlodipine Besylate,AMLODIPINE BESYLATE AVPAK,C08CA,C08CA01,259
2019,2,T,Amlodipine Besylate,AMLODIPINE BESYLATE AVPAK,C08CA,C08CA01,0
2019,2,F,Amlodipine Besylate,NORVASC,C08CA,C08CA01,183
2019,2,T,Amlodipine Besylate,NORVASC,C08CA,C08CA01,0
2019,2,F,Amlodipine Besylate/Benazepril Hydrochloride,AMLODIPINE BESYLATE-BENAZEPRIL HCL,C09BB,C09BB13,56903
2019,2,T,Amlodipine Besylate/Benazepril Hydrochloride,AMLODIPINE BESYLATE-BENAZEPRIL HCL,C09BB,C09BB13,0
2019,2,T,Amlodipine Besylate/Benazepril Hydrochloride,LOTREL,C09BB,C09BB13,0
2019,2,F,Amlodipine Besylate/HCTZ/Olmesartan Medoxomil,AMLODIPINE BESYLATE-HCTZ-OLMESARTAN MEDOXOMIL,C09DX,C09DX03,686
2019,2,T,Amlodipine Besylate/HCTZ/Olmesartan Medoxomil,AMLODIPINE BESYLATE-HCTZ-OLMESARTAN MEDOXOMIL,C09DX,C09DX03,0
2019,2,T,Amlodipine Besylate/HCTZ/Olmesartan Medoxomil,TRIBENZOR,C09DX,C09DX03,0
2019,2,F,Amlodipine Besylate/Hydrochlorothiazide/Valsartan,AMLODIPINE-VALSARTAN-HYDROCHLOROTHIAZIDE,C09DX,C09DX01,748
2019,2,T,Amlodipine Besylate/Hydrochlorothiazide/Valsartan,AMLODIPINE-VALSARTAN-HYDROCHLOROTHIAZIDE,C09DX,C09DX01,0
2019,2,F,Amlodipine Besylate/Hydrochlorothiazide/Valsartan,EXFORGE HCT,C09DX,C09DX01,81
2019,2,T,Amlodipine Besylate/Hydrochlorothiazide/Valsartan,EXFORGE HCT,C09DX,C09DX01,0
2019,2,F,Amlodipine Besylate/Olmesartan Medoxomil,AMLODIPINE BESYLATE-OLMESARTAN MEDOXOMIL,C09DB,C09DB02,1467
2019,2,T,Amlodipine Besylate/Olmesartan Medoxomil,AMLODIPINE BESYLATE-OLMESARTAN MEDOXOMIL,C09DB,C09DB02,0
2019,2,T,Amlodipine Besylate/Olmesartan Medoxomil,AZOR,C09DB,C09DB02,0
2019,2,T,Amlodipine Besylate/Telmisartan,TELMISARTAN-AMLODIPINE BESYLATE,C09DB,C09DB04,0
2019,2,F,Amlodipine Besylate/Valsartan,AMLODIPINE BESYLATE-VALSARTAN,C09DB,C09DB01,3310
2019,2,T,Amlodipine Besylate/Valsartan,AMLODIPINE BESYLATE-VALSARTAN,C09DB,C09DB01,0
2019,2,T,Amlodipine Besylate/Valsartan,EXFORGE,C09DB,C09DB01,0
2019,2,T,Amlodipine/Perindopril Arginine,PRESTALIA,C09BB,C09BB04,0
2019,2,F,Atenolol,ATENOLOL,C07AB,C07AB03,402500
2019,2,T,Atenolol,ATENOLOL,C07AB,C07AB03,0
2019,2,T,Atenolol,TENORMIN,C07AB,C07AB03,0
2019,2,F,Atenolol/Chlorthalidone,ATENOLOL-CHLORTHALIDONE,C07CB,C07CB03,30019
2019,2,T,Atenolol/Chlorthalidone,ATENOLOL-CHLORTHALIDONE,C07CB,C07CB03,0
2019,2,T,Atenolol/Chlorthalidone,TENORETIC 50,C07CB,C07CB03,0
2019,2,F,Azilsartan Medoxomil/Chlorthalidone,EDARBYCLOR,C03BA,C03BA04,1212
2019,2,T,Azilsartan Medoxomil/Chlorthalidone,EDARBYCLOR,C03BA,C03BA04,0
2019,2,T,Benazepril Hydrochloride,BENAZEPRIL HCL AVPAK,C09AA,C09AA07,0
2019,2,F,Benazepril Hydrochloride,BENAZEPRIL HYDROCHLORIDE,C09AA,C09AA07,145421
2019,2,T,Benazepril Hydrochloride,BENAZEPRIL HYDROCHLORIDE,C09AA,C09AA07,0
2019,2,T,Benazepril Hydrochloride,LOTENSIN,C09AA,C09AA07,0
2019,2,F,Benazepril Hydrochloride/Hydrochlorothiazide,BENAZEPRIL HCL/HYDROCHLOROTHIAZIDE,C09BA,C09BA07,11705
2019,2,T,Benazepril Hydrochloride/Hydrochlorothiazide,BENAZEPRIL HCL/HYDROCHLOROTHIAZIDE,C09BA,C09BA07,0
2019,2,T,Benazepril Hydrochloride/Hydrochlorothiazide,LOTENSIN HCT,C09BA,C09BA07,0
2019,2,T,Bendroflumethiazide/Nadolol,NADOLOL-BENDROFLUMETHIAZIDE,C07BA,C07BA12,0
2019,2,F,Betaxolol Hydrochloride,BETAXOLOL,C07AB,C07AB05,165
2019,2,T,Betaxolol Hydrochloride,BETAXOLOL,C07AB,C07AB05,0
2019,2,F,Bisoprolol Fumarate,BISOPROLOL FUMARATE,C07AB,C07AB07,29445
2019,2,T,Bisoprolol Fumarate,BISOPROLOL FUMARATE,C07AB,C07AB07,0
2019,2,F,Bisoprolol Fumarate/Hydrochlorothiazide,BISOPROLOL FUMARATE/HYDROCHLOROTHIAZIDE,C07BB,C07BB07,21289
2019,2,T,Bisoprolol Fumarate/Hydrochlorothiazide,BISOPROLOL FUMARATE/HYDROCHLOROTHIAZIDE,C07BB,C07BB07,0
2019,2,F,Bisoprolol Fumarate/Hydrochlorothiazide,BISOPROLOL/HCTZ,C07BB,C07BB07,185
2019,2,T,Bisoprolol Fumarate/Hydrochlorothiazide,BISOPROLOL/HCTZ,C07BB,C07BB07,0
2019,2,T,Bisoprolol Fumarate/Hydrochlorothiazide,ZIAC,C07BB,C07BB07,0
2019,2,T,Bosentan,BOSENTAN,C02KX,C02KX01,0
2019,2,F,Bosentan,TRACLEER,C02KX,C02KX01,693
2019,2,T,Bosentan,TRACLEER,C02KX,C02KX01,0
2019,2,F,Bumetanide,BUMETANIDE,C03CA,C03CA02,59071
2019,2,T,Bumetanide,BUMETANIDE,C03CA,C03CA02,0
2019,2,T,Bumetanide,BUMETANIDE NOVAPLUS,C03CA,C03CA02,0
2019,2,T,Candesartan Cilexetil,ATACAND,C09CA,C09CA06,0
2019,2,F,Candesartan Cilexetil,CANDESARTAN CILEXETIL,C09CA,C09CA06,5680
2019,2,T,Candesartan Cilexetil,CANDESARTAN CILEXETIL,C09CA,C09CA06,0
2019,2,T,Candesartan Cilexetil/Hydrochlorothiazide,ATACAND HCT,C09DA,C09DA06,0
2019,2,F,Candesartan Cilexetil/Hydrochlorothiazide,CANDESARTAN CILEXETIL-HYDROCHLOROTHIAZIDE,C09DA,C09DA06,875
2019,2,T,Candesartan Cilexetil/Hydrochlorothiazide,CANDESARTAN CILEXETIL-HYDROCHLOROTHIAZIDE,C09DA,C09DA06,0
2019,2,F,Captopril,CAPTOPRIL,C09AA,C09AA01,6072
2019,2,T,Captopril,CAPTOPRIL,C09AA,C09AA01,0
2019,2,F,Captopril/Hydrochlorothiazide,CAPTOPRIL/HYDROCHLOROTHIAZIDE,C09BA,C09BA01,68
2019,2,T,Captopril/Hydrochlorothiazide,CAPTOPRIL/HYDROCHLOROTHIAZIDE,C09BA,C09BA01,0
2019,2,F,Carvedilol,CARVEDILOL,C07AG,C07AG02,667530
2019,2,T,Carvedilol,CARVEDILOL,C07AG,C07AG02,0
2019,2,F,Carvedilol,COREG,C07AG,C07AG02,85
2019,2,T,Carvedilol,COREG,C07AG,C07AG02,0
2019,2,F,Carvedilol Phosphate,CARVEDILOL,C07AG,C07AG02,955
2019,2,T,Carvedilol Phosphate,CARVEDILOL,C07AG,C07AG02,0
2019,2,F,Carvedilol Phosphate,COREG CR,C07AG,C07AG02,20
2019,2,T,Carvedilol Phosphate,COREG CR,C07AG,C07AG02,0
2019,2,F,Chlorothiazide,CHLOROTHIAZIDE,C03AA,C03AA04,926
2019,2,T,Chlorothiazide,CHLOROTHIAZIDE,C03AA,C03AA04,0
2019,2,F,Chlorothiazide,DIURIL,C03AA,C03AA04,4904
2019,2,T,Chlorothiazide,DIURIL,C03AA,C03AA04,0
2019,2,F,Chlorthalidone,CHLORTHALIDONE,C03BA,C03BA04,183621
2019,2,T,Chlorthalidone,CHLORTHALIDONE,C03BA,C03BA04,0
2019,2,T,Clonidine Hydrochloride,CATAPRES,C02AC,C02AC01,0
2019,2,F,Clonidine Hydrochloride,CLONIDINE HCL,C02AC,C02AC01,1344822
2019,2,T,Clonidine Hydrochloride,CLONIDINE HCL,C02AC,C02AC01,0
2019,2,F,Clonidine Hydrochloride,DURACLON,C02AC,C02AC01,31
2019,2,T,Clonidine Hydrochloride,DURACLON,C02AC,C02AC01,0
2019,2,T,Clonidine Hydrochloride,KAPVAY,C02AC,C02AC01,0
2019,2,T,Diltiazem Hydrochloride,CARDIZEM,C08DB,C08DB01,0
2019,2,F,Diltiazem Hydrochloride,CARDIZEM CD,C08DB,C08DB01,11
2019,2,T,Diltiazem Hydrochloride,CARDIZEM CD,C08DB,C08DB01,0
2019,2,F,Diltiazem Hydrochloride,CARDIZEM LA,C08DB,C08DB01,236
2019,2,T,Diltiazem Hydrochloride,CARDIZEM LA,C08DB,C08DB01,0
2019,2,F,Diltiazem Hydrochloride,CARTIA XT,C08DB,C08DB01,34635
2019,2,T,Diltiazem Hydrochloride,CARTIA XT,C08DB,C08DB01,0
2019,2,F,Diltiazem Hydrochloride,DILT-XR,C08DB,C08DB01,16768
2019,2,T,Diltiazem Hydrochloride,DILT-XR,C08DB,C08DB01,0
2019,2,T,Diltiazem Hydrochloride,DILTIAZEM,C08DB,C08DB01,0
2019,2,F,Diltiazem Hydrochloride,DILTIAZEM CD,C08DB,C08DB01,12
2019,2,T,Diltiazem Hydrochloride,DILTIAZEM CD,C08DB,C08DB01,0
2019,2,T,Diltiazem Hydrochloride,DILTIAZEM ER,C08DB,C08DB01,0
2019,2,F,Diltiazem Hydrochloride,DILTIAZEM HCL,C08DB,C08DB01,133963
2019,2,T,Diltiazem Hydrochloride,DILTIAZEM HCL,C08DB,C08DB01,0
2019,2,F,Diltiazem Hydrochloride,DILTIAZEM HCL CD,C08DB,C08DB01,1257
2019,2,T,Diltiazem Hydrochloride,DILTIAZEM HCL CD,C08DB,C08DB01,0
2019,2,F,Diltiazem Hydrochloride,MATZIM LA,C08DB,C08DB01,569
2019,2,T,Diltiazem Hydrochloride,MATZIM LA,C08DB,C08DB01,0
2019,2,F,Diltiazem Hydrochloride,TAZTIA XT,C08DB,C08DB01,13
2019,2,T,Diltiazem Hydrochloride,TAZTIA XT,C08DB,C08DB01,0
2019,2,T,Diltiazem Hydrochloride,TIAZAC,C08DB,C08DB01,0
2019,2,T,Doxazosin Mesylate,CARDURA,C02CA,C02CA04,0
2019,2,T,Doxazosin Mesylate,CARDURA XL,C02CA,C02CA04,0
2019,2,F,Doxazosin Mesylate,DOXAZOSIN,C02CA,C02CA04,3998
2019,2,T,Doxazosin Mesylate,DOXAZOSIN,C02CA,C02CA04,0
2019,2,F,Doxazosin Mesylate,DOXAZOSIN MESYLATE,C02CA,C02CA04,50475
2019,2,T,Doxazosin Mesylate,DOXAZOSIN MESYLATE,C02CA,C02CA04,0
2019,2,F,Enalapril Maleate,ENALAPRIL MALEATE,C09AA,C09AA02,197415
2019,2,T,Enalapril Maleate,ENALAPRIL MALEATE,C09AA,C09AA02,0
2019,2,F,Enalapril Maleate,EPANED,C09AA,C09AA02,11503
2019,2,T,Enalapril Maleate,EPANED,C09AA,C09AA02,0
2019,2,T,Enalapril Maleate,VASOTEC,C09AA,C09AA02,0
2019,2,F,Enalapril Maleate/Hydrochlorothiazide,ENALAPRIL MALEATE-HYDROCHLOROTHIAZIDE,C09BA,C09BA02,59
2019,2,T,Enalapril Maleate/Hydrochlorothiazide,ENALAPRIL MALEATE-HYDROCHLOROTHIAZIDE,C09BA,C09BA02,0
2019,2,F,Enalapril Maleate/Hydrochlorothiazide,ENALAPRIL/HCTZ,C09BA,C09BA02,12941
2019,2,T,Enalapril Maleate/Hydrochlorothiazide,ENALAPRIL/HCTZ,C09BA,C09BA02,0
2019,2,T,Enalapril Maleate/Hydrochlorothiazide,VASERETIC,C09BA,C09BA02,0
2019,2,F,Eplerenone,EPLERENONE,C03DA,C03DA04,5036
2019,2,T,Eplerenone,EPLERENONE,C03DA,C03DA04,0
2019,2,T,Eplerenone,INSPRA,C03DA,C03DA04,0
2019,2,T,Ethacrynate Sodium,SODIUM EDECRIN,C03CC,C03CC01,0
2019,2,F,Felodipine,FELODIPINE,C08CA,C08CA02,6983
2019,2,T,Felodipine,FELODIPINE,C08CA,C08CA02,0
2019,2,F,Fosinopril Sodium,FOSINOPRIL SODIUM,C09AA,C09AA09,3373
2019,2,T,Fosinopril Sodium,FOSINOPRIL SODIUM,C09AA,C09AA09,0
2019,2,F,Fosinopril Sodium/Hydrochlorothiazide,FOSINOPRIL SODIUM-HYDROCHLOROTHIAZIDE,C09BA,C09BA09,69
2019,2,T,Fosinopril Sodium/Hydrochlorothiazide,FOSINOPRIL SODIUM-HYDROCHLOROTHIAZIDE,C09BA,C09BA09,0
2019,2,F,Furosemide,FUROSEMIDE,C03CA,C03CA01,936441
2019,2,T,Furosemide,FUROSEMIDE,C03CA,C03CA01,0
2019,2,F,Furosemide,FUROSEMIDE NOVAPLUS,C03CA,C03CA01,1197
2019,2,T,Furosemide,FUROSEMIDE NOVAPLUS,C03CA,C03CA01,0
2019,2,F,Furosemide,LASIX,C03CA,C03CA01,13
2019,2,T,Furosemide,LASIX,C03CA,C03CA01,0
2019,2,F,Furosemide,PREMIERPRO RX FUROSEMIDE,C03CA,C03CA01,1430
2019,2,T,Furosemide,PREMIERPRO RX FUROSEMIDE,C03CA,C03CA01,0
2019,2,F,Guanfacine Hydrochloride,GUANFACINE HCL,C02AC,C02AC02,853573
2019,2,T,Guanfacine Hydrochloride,GUANFACINE HCL,C02AC,C02AC02,0
2019,2,T,Guanfacine Hydrochloride,GUANFACINE HCL AVPAK,C02AC,C02AC02,0
2019,2,F,Guanfacine Hydrochloride,INTUNIV,C02AC,C02AC02,4227
2019,2,T,Guanfacine Hydrochloride,INTUNIV,C02AC,C02AC02,0
2019,2,F,Hydralazine Hydrochloride,HYDRALAZINE HCL,C02DB,C02DB02,219499
2019,2,T,Hydralazine Hydrochloride,HYDRALAZINE HCL,C02DB,C02DB02,0
2019,2,F,Hydralazine Hydrochloride/Isosorbide Dinitrate,BIDIL,C02DB,C02DB02,1706
2019,2,T,Hydralazine Hydrochloride/Isosorbide Dinitrate,BIDIL,C02DB,C02DB02,0
2019,2,F,Hydrochlorothiazide,HYDROCHLOROTHIAZIDE,C03AA,C03AA03,1286763
2019,2,T,Hydrochlorothiazide,HYDROCHLOROTHIAZIDE,C03AA,C03AA03,0
2019,2,T,Hydrochlorothiazide,MICROZIDE,C03AA,C03AA03,0
2019,2,T,Hydrochlorothiazide/Irbesartan,AVALIDE,C09DA,C09DA04,0
2019,2,F,Hydrochlorothiazide/Irbesartan,IRBESARTAN/HYDROCHLOROTHIAZIDE,C09DA,C09DA04,10270
2019,2,T,Hydrochlorothiazide/Irbesartan,IRBESARTAN/HYDROCHLOROTHIAZIDE,C09DA,C09DA04,0
2019,2,F,Hydrochlorothiazide/Lisinopril,LISINOPRIL/HYDROCHLOROTHIAZIDE,C09BA,C09BA03,555780
2019,2,T,Hydrochlorothiazide/Lisinopril,LISINOPRIL/HYDROCHLOROTHIAZIDE,C09BA,C09BA03,0
2019,2,T,Hydrochlorothiazide/Lisinopril,ZESTORETIC,C09BA,C09BA03,0
2019,2,T,Hydrochlorothiazide/Losartan Potassium,HYZAAR,C09DA,C09DA01,0
2019,2,F,Hydrochlorothiazide/Losartan Potassium,LOSARTAN POTASSIUM-HYDROCHLOROTHIAZIDE,C09DA,C09DA01,362664
2019,2,T,Hydrochlorothiazide/Losartan Potassium,LOSARTAN POTASSIUM-HYDROCHLOROTHIAZIDE,C09DA,C09DA01,0
2019,2,T,Hydrochlorothiazide/Losartan Potassium,LOSARTAN POTASSIUM-HYDROCHLOROTHIAZIDE AVPAK,C09DA,C09DA01,0
2019,2,T,Hydrochlorothiazide/Methyldopa,METHYLDOPA/HCTZ,C02LB,C02LB01,0
2019,2,T,Hydrochlorothiazide/Metoprolol Succinate,DUTOPROL,C07BB,C07BB02,0
2019,2,F,Hydrochlorothiazide/Metoprolol Tartrate,METOPROLOL TARTRATE/HYDROCHLOROTHIAZIDE,C07BB,C07BB02,2440
2019,2,T,Hydrochlorothiazide/Metoprolol Tartrate,METOPROLOL TARTRATE/HYDROCHLOROTHIAZIDE,C07BB,C07BB02,0
2019,2,T,Hydrochlorothiazide/Moexipril Hydrochloride,MOEXIPRIL HCL-HYDROCHLOROTHIAZIDE,C09BA,C09BA13,0
2019,2,T,Hydrochlorothiazide/Propranolol Hydrochloride,PROPRANOLOL/HCTZ,C07BA,C07BA05,0
2019,2,F,Hydrochlorothiazide/Quinapril Hydrochloride,QUINAPRIL HCL/HYDROCHLOROTHIAZIDE,C09BA,C09BA06,878
2019,2,T,Hydrochlorothiazide/Quinapril Hydrochloride,QUINAPRIL HCL/HYDROCHLOROTHIAZIDE,C09BA,C09BA06,0
2019,2,F,Hydrochlorothiazide/Spironolactone,ALDACTAZIDE,C03EA,C03EA01,14
2019,2,T,Hydrochlorothiazide/Spironolactone,ALDACTAZIDE,C03EA,C03EA01,0
2019,2,F,Hydrochlorothiazide/Spironolactone,SPIRONOLACTONE-HYDROCHLOROTHIAZIDE,C03EA,C03EA01,9322
2019,2,T,Hydrochlorothiazide/Spironolactone,SPIRONOLACTONE-HYDROCHLOROTHIAZIDE,C03EA,C03EA01,0
2019,2,F,Hydrochlorothiazide/Telmisartan,MICARDIS HCT,C09DA,C09DA07,229
2019,2,T,Hydrochlorothiazide/Telmisartan,MICARDIS HCT,C09DA,C09DA07,0
2019,2,F,Hydrochlorothiazide/Telmisartan,TELMISARTAN/HYDROCHLOROTHIAZIDE,C09DA,C09DA07,1820
2019,2,T,Hydrochlorothiazide/Telmisartan,TELMISARTAN/HYDROCHLOROTHIAZIDE,C09DA,C09DA07,0
2019,2,T,Hydrochlorothiazide/Triamterene,DYAZIDE,C03EA,C03EA01,0
2019,2,T,Hydrochlorothiazide/Triamterene,MAXZIDE,C03EA,C03EA01,0
2019,2,T,Hydrochlorothiazide/Triamterene,MAXZIDE-25,C03EA,C03EA01,0
2019,2,F,Hydrochlorothiazide/Triamterene,TRIAMTERENE/HYDROCHLOROTHIAZIDE,C03EA,C03EA01,130810
2019,2,T,Hydrochlorothiazide/Triamterene,TRIAMTERENE/HYDROCHLOROTHIAZIDE,C03EA,C03EA01,0
2019,2,F,Hydrochlorothiazide/Valsartan,DIOVAN HCT,C09DA,C09DA03,24
2019,2,T,Hydrochlorothiazide/Valsartan,DIOVAN HCT,C09DA,C09DA03,0
2019,2,F,Hydrochlorothiazide/Valsartan,VALSARTAN/HYDROCHLOROTHIAZIDE,C09DA,C09DA03,29095
2019,2,T,Hydrochlorothiazide/Valsartan,VALSARTAN/HYDROCHLOROTHIAZIDE,C09DA,C09DA03,0
2019,2,F,Indapamide,INDAPAMIDE,C03BA,C03BA11,9270
2019,2,T,Indapamide,INDAPAMIDE,C03BA,C03BA11,0
2019,2,T,Irbesartan,AVAPRO,C09CA,C09CA04,0
2019,2,F,Irbesartan,IRBESARTAN,C09CA,C09CA04,39761
2019,2,T,Irbesartan,IRBESARTAN,C09CA,C09CA04,0
2019,2,T,Irbesartan,IRBESARTAN AVPAK,C09CA,C09CA04,0
2019,2,F,Isradipine,ISRADIPINE,C08CA,C08CA03,120
2019,2,T,Isradipine,ISRADIPINE,C08CA,C08CA03,0
2019,2,T,Isradipine,ISRADIPINE AVPAK,C08CA,C08CA03,0
2019,2,F,Labetalol Hydrochloride,LABETALOL HCL,C07AG,C07AG01,141197
2019,2,T,Labetalol Hydrochloride,LABETALOL HCL,C07AG,C07AG01,0
2019,2,F,Lisinopril,LISINOPRIL,C09AA,C09AA03,2817856
2019,2,T,Lisinopril,LISINOPRIL,C09AA,C09AA03,0
2019,2,T,Lisinopril,PRINIVIL,C09AA,C09AA03,0
2019,2,F,Lisinopril,QBRELIS,C09AA,C09AA03,1430
2019,2,T,Lisinopril,QBRELIS,C09AA,C09AA03,0
2019,2,T,Lisinopril,ZESTRIL,C09AA,C09AA03,0
2019,2,F,Losartan Potassium,COZAAR,C09CA,C09CA01,13
2019,2,T,Losartan Potassium,COZAAR,C09CA,C09CA01,0
2019,2,F,Losartan Potassium,LOSARTAN POTASSIUM,C09CA,C09CA01,1278899
2019,2,T,Losartan Potassium,LOSARTAN POTASSIUM,C09CA,C09CA01,0
2019,2,T,Losartan Potassium,LOSARTAN POTASSIUM AVPAK,C09CA,C09CA01,0
2019,2,F,Macitentan,OPSUMIT,C02KX,C02KX04,2384
2019,2,T,Macitentan,OPSUMIT,C02KX,C02KX04,0
2019,2,T,Methyclothiazide,METHYCLOTHIAZIDE,C03AA,C03AA08,0
2019,2,F,Methyldopa,METHYLDOPA,C02AB,C02AB01,4065
2019,2,T,Methyldopa,METHYLDOPA,C02AB,C02AB01,0
2019,2,F,Metolazone,METOLAZONE,C03BA,C03BA08,27291
2019,2,T,Metolazone,METOLAZONE,C03BA,C03BA08,0
2019,2,T,Metoprolol Succinate,KAPSPARGO SPRINKLE,C07AB,C07AB02,0
2019,2,F,Metoprolol Succinate,METOPROLOL SUCCINATE,C07AB,C07AB02,1017670
2019,2,T,Metoprolol Succinate,METOPROLOL SUCCINATE,C07AB,C07AB02,0
2019,2,T,Metoprolol Succinate,METOPROLOL SUCCINATE AVPAK,C07AB,C07AB02,0
2019,2,F,Metoprolol Succinate,TOPROL XL,C07AB,C07AB02,899
2019,2,T,Metoprolol Succinate,TOPROL XL,C07AB,C07AB02,0
2019,2,T,Metoprolol Tartrate,FIRST-METOPROLOL,C07AB,C07AB02,0
2019,2,T,Metoprolol Tartrate,LOPRESSOR,C07AB,C07AB02,0
2019,2,F,Metoprolol Tartrate,METOPROLOL TARTRATE,C07AB,C07AB02,898773
2019,2,T,Metoprolol Tartrate,METOPROLOL TARTRATE,C07AB,C07AB02,0
2019,2,T,Metyrosine,DEMSER,C02KB,C02KB01,0
2019,2,F,Minoxidil,MINOXIDIL,C02DC,C02DC01,10245
2019,2,T,Minoxidil,MINOXIDIL,C02DC,C02DC01,0
2019,2,F,Moexipril Hydrochloride,MOEXIPRIL HYDROCHLORIDE,C09AA,C09AA13,22
2019,2,T,Moexipril Hydrochloride,MOEXIPRIL HYDROCHLORIDE,C09AA,C09AA13,0
2019,2,T,Nadolol,CORGARD,C07AA,C07AA12,0
2019,2,F,Nadolol,NADOLOL,C07AA,C07AA12,25792
2019,2,T,Nadolol,NADOLOL,C07AA,C07AA12,0
2019,2,F,Nebivolol Hydrochloride,BYSTOLIC,C07AB,C07AB12,18205
2019,2,T,Nebivolol Hydrochloride,BYSTOLIC,C07AB,C07AB12,0
2019,2,F,Nicardipine Hydrochloride,NICARDIPINE HCL,C08CA,C08CA04,47
2019,2,T,Nicardipine Hydrochloride,NICARDIPINE HCL,C08CA,C08CA04,0
2019,2,T,Nifedipine,ADALAT CC,C08CA,C08CA05,0
2019,2,T,Nifedipine,AFEDITAB CR,C08CA,C08CA05,0
2019,2,T,Nifedipine,NIFEDICAL XL,C08CA,C08CA05,0
2019,2,F,Nifedipine,NIFEDIPINE,C08CA,C08CA05,241063
2019,2,T,Nifedipine,NIFEDIPINE,C08CA,C08CA05,0
2019,2,T,Nifedipine,NIFEDIPINE AVPAK,C08CA,C08CA05,0
2019,2,T,Nifedipine,PROCARDIA,C08CA,C08CA05,0
2019,2,T,Nifedipine,PROCARDIA XL,C08CA,C08CA05,0
2019,2,T,Nimodipine,NIMODIPINE,C08CA,C08CA06,0
2019,2,T,Nimodipine,NYMALIZE,C08CA,C08CA06,0
2019,2,F,Nisoldipine,NISOLDIPINE,C08CA,C08CA07,16
2019,2,T,Nisoldipine,NISOLDIPINE,C08CA,C08CA07,0
2019,2,T,Nisoldipine,SULAR,C08CA,C08CA07,0
2019,2,F,Perindopril Erbumine,PERINDOPRIL ERBUMINE,C09AA,C09AA04,75
2019,2,T,Perindopril Erbumine,PERINDOPRIL ERBUMINE,C09AA,C09AA04,0
2019,2,F,Pindolol,PINDOLOL,C07AA,C07AA03,1058
2019,2,T,Pindolol,PINDOLOL,C07AA,C07AA03,0
2019,2,T,Prazosin Hydrochloride,MINIPRESS,C02CA,C02CA01,0
2019,2,F,Prazosin Hydrochloride,PRAZOSIN HCL,C02CA,C02CA01,358762
2019,2,T,Prazosin Hydrochloride,PRAZOSIN HCL,C02CA,C02CA01,0
2019,2,F,Propranolol Hydrochloride,HEMANGEOL,C07AA,C07AA05,733
2019,2,T,Propranolol Hydrochloride,HEMANGEOL,C07AA,C07AA05,0
2019,2,T,Propranolol Hydrochloride,INDERAL LA,C07AA,C07AA05,0
2019,2,T,Propranolol Hydrochloride,INDERAL XL,C07AA,C07AA05,0
2019,2,T,Propranolol Hydrochloride,INNOPRAN XL,C07AA,C07AA05,0
2019,2,F,Propranolol Hydrochloride,PROPRANOLOL HCL,C07AA,C07AA05,496541
2019,2,T,Propranolol Hydrochloride,PROPRANOLOL HCL,C07AA,C07AA05,0
2019,2,T,Propranolol Hydrochloride,PROPRANOLOL HCL AVPAK,C07AA,C07AA05,0
2019,2,T,Quinapril Hydrochloride,ACCUPRIL,C09AA,C09AA06,0
2019,2,F,Quinapril Hydrochloride,QUINAPRIL,C09AA,C09AA06,13138
2019,2,T,Quinapril Hydrochloride,QUINAPRIL,C09AA,C09AA06,0
2019,2,F,Quinapril Hydrochloride,QUINAPRIL HCL,C09AA,C09AA06,15
2019,2,T,Quinapril Hydrochloride,QUINAPRIL HCL,C09AA,C09AA06,0
2019,2,T,Ramipril,ALTACE,C09AA,C09AA05,0
2019,2,F,Ramipril,RAMIPRIL,C09AA,C09AA05,43295
2019,2,T,Ramipril,RAMIPRIL,C09AA,C09AA05,0
2019,2,F,Riociguat,ADEMPAS,C02KX,C02KX05,573
2019,2,T,Riociguat,ADEMPAS,C02KX,C02KX05,0
2019,2,F,Sacubitril/Valsartan,ENTRESTO,C09DX,C09DX04,50452
2019,2,T,Sacubitril/Valsartan,ENTRESTO,C09DX,C09DX04,0
2019,2,T,Sotalol Hydrochloride,BETAPACE,C07AA,C07AA07,0
2019,2,T,Sotalol Hydrochloride,BETAPACE AF,C07AA,C07AA07,0
2019,2,T,Sotalol Hydrochloride,SORINE,C07AA,C07AA07,0
2019,2,F,Sotalol Hydrochloride,SOTALOL HCL,C07AA,C07AA07,17810
2019,2,T,Sotalol Hydrochloride,SOTALOL HCL,C07AA,C07AA07,0
2019,2,F,Sotalol Hydrochloride,SOTALOL HCL AF,C07AA,C07AA07,316
2019,2,T,Sotalol Hydrochloride,SOTALOL HCL AF,C07AA,C07AA07,0
2019,2,F,Sotalol Hydrochloride,SOTYLIZE,C07AA,C07AA07,223
2019,2,T,Sotalol Hydrochloride,SOTYLIZE,C07AA,C07AA07,0
2019,2,T,Spironolactone,ALDACTONE,C03DA,C03DA01,0
2019,2,F,Spironolactone,CAROSPIR,C03DA,C03DA01,1596
2019,2,T,Spironolactone,CAROSPIR,C03DA,C03DA01,0
2019,2,F,Spironolactone,SPIRONOLACTONE,C03DA,C03DA01,458163
2019,2,T,Spironolactone,SPIRONOLACTONE,C03DA,C03DA01,0
2019,2,F,Spironolactone,SPIRONOLACTONE AVPAK,C03DA,C03DA01,52
2019,2,T,Spironolactone,SPIRONOLACTONE AVPAK,C03DA,C03DA01,0
2019,2,F,Telmisartan,MICARDIS,C09CA,C09CA07,919
2019,2,T,Telmisartan,MICARDIS,C09CA,C09CA07,0
2019,2,F,Telmisartan,TELMISARTAN,C09CA,C09CA07,8210
2019,2,T,Telmisartan,TELMISARTAN,C09CA,C09CA07,0
2019,2,T,Timolol Maleate,TIMOLOL MALEATE,C07AA,C07AA06,0
2019,2,T,Tolvaptan,JYNARQUE,C03XA,C03XA01,0
2019,2,F,Tolvaptan,SAMSCA,C03XA,C03XA01,33
2019,2,T,Tolvaptan,SAMSCA,C03XA,C03XA01,0
2019,2,F,Tolvaptan;Tolvaptan,JYNARQUE 45/15,C03XA,C03XA01,171
2019,2,T,Tolvaptan;Tolvaptan,JYNARQUE 45/15,C03XA,C03XA01,0
2019,2,F,Tolvaptan;Tolvaptan,JYNARQUE 60/30,C03XA,C03XA01,13
2019,2,T,Tolvaptan;Tolvaptan,JYNARQUE 60/30,C03XA,C03XA01,0
2019,2,F,Tolvaptan;Tolvaptan,JYNARQUE 90/30,C03XA,C03XA01,21
2019,2,T,Tolvaptan;Tolvaptan,JYNARQUE 90/30,C03XA,C03XA01,0
2019,2,T,Torsemide,DEMADEX,C03CA,C03CA04,0
2019,2,F,Torsemide,TORSEMIDE,C03CA,C03CA04,52992
2019,2,T,Torsemide,TORSEMIDE,C03CA,C03CA04,0
2019,2,T,Torsemide,TORSEMIDE AVPAK,C03CA,C03CA04,0
2019,2,F,Trandolapril,TRANDOLAPRIL,C09AA,C09AA10,166
2019,2,T,Trandolapril,TRANDOLAPRIL,C09AA,C09AA10,0
2019,2,T,Trandolapril/Verapamil Hydrochloride,TARKA,C09BB,C09BB10,0
2019,2,T,Trandolapril/Verapamil Hydrochloride,TRANDOLAPRIL/VERAPAMIL HCL,C09BB,C09BB10,0
2019,2,F,Valsartan,DIOVAN,C09CA,C09CA03,3883
2019,2,T,Valsartan,DIOVAN,C09CA,C09CA03,0
2019,2,F,Valsartan,VALSARTAN,C09CA,C09CA03,48798
2019,2,T,Valsartan,VALSARTAN,C09CA,C09CA03,0
2019,2,T,Valsartan,VALSARTAN AVPAK,C09CA,C09CA03,0
2019,2,T,Verapamil Hydrochloride,CALAN,C08DA,C08DA01,0
2019,2,T,Verapamil Hydrochloride,CALAN SR,C08DA,C08DA01,0
2019,2,F,Verapamil Hydrochloride,VERAPAMIL HCL,C08DA,C08DA01,85485
2019,2,T,Verapamil Hydrochloride,VERAPAMIL HCL,C08DA,C08DA01,0
2019,2,T,Verapamil Hydrochloride,VERAPAMIL HCL NOVAPLUS,C08DA,C08DA01,0
2019,2,T,Verapamil Hydrochloride,VERELAN,C08DA,C08DA01,0
2019,2,T,Verapamil Hydrochloride,VERELAN PM,C08DA,C08DA01,0
2019,3,F,Acebutolol Hydrochloride,ACEBUTOLOL HCL,C07AB,C07AB04,1182
2019,3,T,Acebutolol Hydrochloride,ACEBUTOLOL HCL,C07AB,C07AB04,0
2019,3,T,Acebutolol Hydrochloride,ACEBUTOLOL HCL AVPAK,C07AB,C07AB04,0
2019,3,F,Aliskiren,ALISKIREN,C09XA,C09XA02,26
2019,3,T,Aliskiren,ALISKIREN,C09XA,C09XA02,0
2019,3,F,Aliskiren,TEKTURNA,C09XA,C09XA02,22
2019,3,T,Aliskiren,TEKTURNA,C09XA,C09XA02,0
2019,3,T,Aliskiren/Hydrochlorothiazide,TEKTURNA HCT,C09XA,C09XA52,0
2019,3,F,Ambrisentan,AMBRISENTAN,C02KX,C02KX02,1211
2019,3,T,Ambrisentan,AMBRISENTAN,C02KX,C02KX02,0
2019,3,F,Ambrisentan,LETAIRIS,C02KX,C02KX02,2525
2019,3,T,Ambrisentan,LETAIRIS,C02KX,C02KX02,0
2019,3,F,Amiloride Hydrochloride,AMILORIDE HCL,C03DB,C03DB01,5715
2019,3,T,Amiloride Hydrochloride,AMILORIDE HCL,C03DB,C03DB01,0
2019,3,F,Amiloride Hydrochloride/Hydrochlorothiazide,AMILORIDE HCL/HYDROCHLOROTHIAZIDE,C03EA,C03EA01,631
2019,3,T,Amiloride Hydrochloride/Hydrochlorothiazide,AMILORIDE HCL/HYDROCHLOROTHIAZIDE,C03EA,C03EA01,0
2019,3,T,Amlodipine,KATERZIA,C08CA,C08CA01,0
2019,3,F,Amlodipine Besylate,AMLODIPINE BESYLATE,C08CA,C08CA01,2279653
2019,3,T,Amlodipine Besylate,AMLODIPINE BESYLATE,C08CA,C08CA01,0
2019,3,F,Amlodipine Besylate,AMLODIPINE BESYLATE AVPAK,C08CA,C08CA01,221
2019,3,T,Amlodipine Besylate,AMLODIPINE BESYLATE AVPAK,C08CA,C08CA01,0
2019,3,F,Amlodipine Besylate,NORVASC,C08CA,C08CA01,253
2019,3,T,Amlodipine Besylate,NORVASC,C08CA,C08CA01,0
2019,3,F,Amlodipine Besylate/Benazepril Hydrochloride,AMLODIPINE BESYLATE-BENAZEPRIL HCL,C09BB,C09BB13,56736
2019,3,T,Amlodipine Besylate/Benazepril Hydrochloride,AMLODIPINE BESYLATE-BENAZEPRIL HCL,C09BB,C09BB13,0
2019,3,T,Amlodipine Besylate/Benazepril Hydrochloride,LOTREL,C09BB,C09BB13,0
2019,3,F,Amlodipine Besylate/HCTZ/Olmesartan Medoxomil,AMLODIPINE BESYLATE-HCTZ-OLMESARTAN MEDOXOMIL,C09DX,C09DX03,775
2019,3,T,Amlodipine Besylate/HCTZ/Olmesartan Medoxomil,AMLODIPINE BESYLATE-HCTZ-OLMESARTAN MEDOXOMIL,C09DX,C09DX03,0
2019,3,T,Amlodipine Besylate/HCTZ/Olmesartan Medoxomil,TRIBENZOR,C09DX,C09DX03,0
2019,3,F,Amlodipine Besylate/Hydrochlorothiazide/Valsartan,AMLODIPINE-VALSARTAN-HYDROCHLOROTHIAZIDE,C09DX,C09DX01,811
2019,3,T,Amlodipine Besylate/Hydrochlorothiazide/Valsartan,AMLODIPINE-VALSARTAN-HYDROCHLOROTHIAZIDE,C09DX,C09DX01,0
2019,3,F,Amlodipine Besylate/Hydrochlorothiazide/Valsartan,EXFORGE HCT,C09DX,C09DX01,39
2019,3,T,Amlodipine Besylate/Hydrochlorothiazide/Valsartan,EXFORGE HCT,C09DX,C09DX01,0
2019,3,F,Amlodipine Besylate/Olmesartan Medoxomil,AMLODIPINE BESYLATE-OLMESARTAN MEDOXOMIL,C09DB,C09DB02,1490
2019,3,T,Amlodipine Besylate/Olmesartan Medoxomil,AMLODIPINE BESYLATE-OLMESARTAN MEDOXOMIL,C09DB,C09DB02,0
2019,3,T,Amlodipine Besylate/Olmesartan Medoxomil,AZOR,C09DB,C09DB02,0
2019,3,T,Amlodipine Besylate/Telmisartan,TELMISARTAN-AMLODIPINE BESYLATE,C09DB,C09DB04,0
2019,3,F,Amlodipine Besylate/Valsartan,AMLODIPINE BESYLATE-VALSARTAN,C09DB,C09DB01,3638
2019,3,T,Amlodipine Besylate/Valsartan,AMLODIPINE BESYLATE-VALSARTAN,C09DB,C09DB01,0
2019,3,T,Amlodipine Besylate/Valsartan,EXFORGE,C09DB,C09DB01,0
2019,3,T,Amlodipine/Perindopril Arginine,PRESTALIA,C09BB,C09BB04,0
2019,3,F,Atenolol,ATENOLOL,C07AB,C07AB03,394254
2019,3,T,Atenolol,ATENOLOL,C07AB,C07AB03,0
2019,3,T,Atenolol,TENORMIN,C07AB,C07AB03,0
2019,3,F,Atenolol/Chlorthalidone,ATENOLOL-CHLORTHALIDONE,C07CB,C07CB03,29059
2019,3,T,Atenolol/Chlorthalidone,ATENOLOL-CHLORTHALIDONE,C07CB,C07CB03,0
2019,3,T,Atenolol/Chlorthalidone,TENORETIC 50,C07CB,C07CB03,0
2019,3,F,Azilsartan Medoxomil/Chlorthalidone,EDARBYCLOR,C03BA,C03BA04,1307
2019,3,T,Azilsartan Medoxomil/Chlorthalidone,EDARBYCLOR,C03BA,C03BA04,0
2019,3,T,Benazepril Hydrochloride,BENAZEPRIL HCL AVPAK,C09AA,C09AA07,0
2019,3,F,Benazepril Hydrochloride,BENAZEPRIL HYDROCHLORIDE,C09AA,C09AA07,142597
2019,3,T,Benazepril Hydrochloride,BENAZEPRIL HYDROCHLORIDE,C09AA,C09AA07,0
2019,3,F,Benazepril Hydrochloride/Hydrochlorothiazide,BENAZEPRIL HCL/HYDROCHLOROTHIAZIDE,C09BA,C09BA07,11070
2019,3,T,Benazepril Hydrochloride/Hydrochlorothiazide,BENAZEPRIL HCL/HYDROCHLOROTHIAZIDE,C09BA,C09BA07,0
2019,3,T,Benazepril Hydrochloride/Hydrochlorothiazide,LOTENSIN HCT,C09BA,C09BA07,0
2019,3,T,Bendroflumethiazide/Nadolol,NADOLOL-BENDROFLUMETHIAZIDE,C07BA,C07BA12,0
2019,3,F,Betaxolol Hydrochloride,BETAXOLOL,C07AB,C07AB05,160
2019,3,T,Betaxolol Hydrochloride,BETAXOLOL,C07AB,C07AB05,0
2019,3,F,Bisoprolol Fumarate,BISOPROLOL FUMARATE,C07AB,C07AB07,29386
2019,3,T,Bisoprolol Fumarate,BISOPROLOL FUMARATE,C07AB,C07AB07,0
2019,3,F,Bisoprolol Fumarate/Hydrochlorothiazide,BISOPROLOL FUMARATE/HYDROCHLOROTHIAZIDE,C07BB,C07BB07,20724
2019,3,T,Bisoprolol Fumarate/Hydrochlorothiazide,BISOPROLOL FUMARATE/HYDROCHLOROTHIAZIDE,C07BB,C07BB07,0
2019,3,F,Bisoprolol Fumarate/Hydrochlorothiazide,BISOPROLOL/HCTZ,C07BB,C07BB07,15
2019,3,T,Bisoprolol Fumarate/Hydrochlorothiazide,BISOPROLOL/HCTZ,C07BB,C07BB07,0
2019,3,T,Bisoprolol Fumarate/Hydrochlorothiazide,ZIAC,C07BB,C07BB07,0
2019,3,F,Bosentan,BOSENTAN,C02KX,C02KX01,50
2019,3,T,Bosentan,BOSENTAN,C02KX,C02KX01,0
2019,3,F,Bosentan,TRACLEER,C02KX,C02KX01,347
2019,3,T,Bosentan,TRACLEER,C02KX,C02KX01,0
2019,3,F,Bumetanide,BUMETANIDE,C03CA,C03CA02,61835
2019,3,T,Bumetanide,BUMETANIDE,C03CA,C03CA02,0
2019,3,F,Bumetanide,BUMETANIDE NOVAPLUS,C03CA,C03CA02,13
2019,3,T,Bumetanide,BUMETANIDE NOVAPLUS,C03CA,C03CA02,0
2019,3,T,Candesartan Cilexetil,ATACAND,C09CA,C09CA06,0
2019,3,F,Candesartan Cilexetil,CANDESARTAN CILEXETIL,C09CA,C09CA06,5416
2019,3,T,Candesartan Cilexetil,CANDESARTAN CILEXETIL,C09CA,C09CA06,0
2019,3,T,Candesartan Cilexetil/Hydrochlorothiazide,ATACAND HCT,C09DA,C09DA06,0
2019,3,F,Candesartan Cilexetil/Hydrochlorothiazide,CANDESARTAN CILEXETIL-HYDROCHLOROTHIAZIDE,C09DA,C09DA06,943
2019,3,T,Candesartan Cilexetil/Hydrochlorothiazide,CANDESARTAN CILEXETIL-HYDROCHLOROTHIAZIDE,C09DA,C09DA06,0
2019,3,T,Captopril,CAPOTEN,C09AA,C09AA01,0
2019,3,F,Captopril,CAPTOPRIL,C09AA,C09AA01,5774
2019,3,T,Captopril,CAPTOPRIL,C09AA,C09AA01,0
2019,3,F,Captopril/Hydrochlorothiazide,CAPTOPRIL/HYDROCHLOROTHIAZIDE,C09BA,C09BA01,42
2019,3,T,Captopril/Hydrochlorothiazide,CAPTOPRIL/HYDROCHLOROTHIAZIDE,C09BA,C09BA01,0
2019,3,F,Carvedilol,CARVEDILOL,C07AG,C07AG02,672489
2019,3,T,Carvedilol,CARVEDILOL,C07AG,C07AG02,0
2019,3,F,Carvedilol,COREG,C07AG,C07AG02,51
2019,3,T,Carvedilol,COREG,C07AG,C07AG02,0
2019,3,F,Carvedilol Phosphate,CARVEDILOL,C07AG,C07AG02,984
2019,3,T,Carvedilol Phosphate,CARVEDILOL,C07AG,C07AG02,0
2019,3,F,Carvedilol Phosphate,COREG CR,C07AG,C07AG02,20
2019,3,T,Carvedilol Phosphate,COREG CR,C07AG,C07AG02,0
2019,3,F,Chlorothiazide,CHLOROTHIAZIDE,C03AA,C03AA04,1018
2019,3,T,Chlorothiazide,CHLOROTHIAZIDE,C03AA,C03AA04,0
2019,3,F,Chlorothiazide,DIURIL,C03AA,C03AA04,5095
2019,3,T,Chlorothiazide,DIURIL,C03AA,C03AA04,0
2019,3,F,Chlorthalidone,CHLORTHALIDONE,C03BA,C03BA04,186854
2019,3,T,Chlorthalidone,CHLORTHALIDONE,C03BA,C03BA04,0
2019,3,F,Clonidine Hydrochloride,CATAPRES,C02AC,C02AC01,34
2019,3,T,Clonidine Hydrochloride,CATAPRES,C02AC,C02AC01,0
2019,3,F,Clonidine Hydrochloride,CLONIDINE HCL,C02AC,C02AC01,1353183
2019,3,T,Clonidine Hydrochloride,CLONIDINE HCL,C02AC,C02AC01,0
2019,3,F,Clonidine Hydrochloride,DURACLON,C02AC,C02AC01,36
2019,3,T,Clonidine Hydrochloride,DURACLON,C02AC,C02AC01,0
2019,3,T,Clonidine Hydrochloride,KAPVAY,C02AC,C02AC01,0
2019,3,T,Diltiazem Hydrochloride,CARDIZEM,C08DB,C08DB01,0
2019,3,T,Diltiazem Hydrochloride,CARDIZEM CD,C08DB,C08DB01,0
2019,3,F,Diltiazem Hydrochloride,CARDIZEM LA,C08DB,C08DB01,225
2019,3,T,Diltiazem Hydrochloride,CARDIZEM LA,C08DB,C08DB01,0
2019,3,F,Diltiazem Hydrochloride,CARTIA XT,C08DB,C08DB01,31009
2019,3,T,Diltiazem Hydrochloride,CARTIA XT,C08DB,C08DB01,0
2019,3,F,Diltiazem Hydrochloride,DILT-XR,C08DB,C08DB01,16352
2019,3,T,Diltiazem Hydrochloride,DILT-XR,C08DB,C08DB01,0
2019,3,T,Diltiazem Hydrochloride,DILTIAZEM,C08DB,C08DB01,0
2019,3,T,Diltiazem Hydrochloride,DILTIAZEM CD,C08DB,C08DB01,0
2019,3,T,Diltiazem Hydrochloride,DILTIAZEM ER,C08DB,C08DB01,0
2019,3,F,Diltiazem Hydrochloride,DILTIAZEM HCL,C08DB,C08DB01,134410
2019,3,T,Diltiazem Hydrochloride,DILTIAZEM HCL,C08DB,C08DB01,0
2019,3,F,Diltiazem Hydrochloride,DILTIAZEM HCL CD,C08DB,C08DB01,1371
2019,3,T,Diltiazem Hydrochloride,DILTIAZEM HCL CD,C08DB,C08DB01,0
2019,3,F,Diltiazem Hydrochloride,MATZIM LA,C08DB,C08DB01,338
2019,3,T,Diltiazem Hydrochloride,MATZIM LA,C08DB,C08DB01,0
2019,3,F,Diltiazem Hydrochloride,TAZTIA XT,C08DB,C08DB01,15
2019,3,T,Diltiazem Hydrochloride,TAZTIA XT,C08DB,C08DB01,0
2019,3,T,Diltiazem Hydrochloride,TIAZAC,C08DB,C08DB01,0
2019,3,T,Doxazosin Mesylate,CARDURA,C02CA,C02CA04,0
2019,3,T,Doxazosin Mesylate,CARDURA XL,C02CA,C02CA04,0
2019,3,F,Doxazosin Mesylate,DOXAZOSIN,C02CA,C02CA04,4171
2019,3,T,Doxazosin Mesylate,DOXAZOSIN,C02CA,C02CA04,0
2019,3,F,Doxazosin Mesylate,DOXAZOSIN MESYLATE,C02CA,C02CA04,49947
2019,3,T,Doxazosin Mesylate,DOXAZOSIN MESYLATE,C02CA,C02CA04,0
2019,3,F,Enalapril Maleate,ENALAPRIL MALEATE,C09AA,C09AA02,194383
2019,3,T,Enalapril Maleate,ENALAPRIL MALEATE,C09AA,C09AA02,0
2019,3,F,Enalapril Maleate,EPANED,C09AA,C09AA02,12240
2019,3,T,Enalapril Maleate,EPANED,C09AA,C09AA02,0
2019,3,T,Enalapril Maleate,VASOTEC,C09AA,C09AA02,0
2019,3,F,Enalapril Maleate/Hydrochlorothiazide,ENALAPRIL MALEATE-HYDROCHLOROTHIAZIDE,C09BA,C09BA02,12
2019,3,T,Enalapril Maleate/Hydrochlorothiazide,ENALAPRIL MALEATE-HYDROCHLOROTHIAZIDE,C09BA,C09BA02,0
2019,3,F,Enalapril Maleate/Hydrochlorothiazide,ENALAPRIL/HCTZ,C09BA,C09BA02,11359
2019,3,T,Enalapril Maleate/Hydrochlorothiazide,ENALAPRIL/HCTZ,C09BA,C09BA02,0
2019,3,T,Enalapril Maleate/Hydrochlorothiazide,VASERETIC,C09BA,C09BA02,0
2019,3,F,Eplerenone,EPLERENONE,C03DA,C03DA04,5089
2019,3,T,Eplerenone,EPLERENONE,C03DA,C03DA04,0
2019,3,T,Eplerenone,INSPRA,C03DA,C03DA04,0
2019,3,F,Felodipine,FELODIPINE,C08CA,C08CA02,6559
2019,3,T,Felodipine,FELODIPINE,C08CA,C08CA02,0
2019,3,F,Fosinopril Sodium,FOSINOPRIL SODIUM,C09AA,C09AA09,3224
2019,3,T,Fosinopril Sodium,FOSINOPRIL SODIUM,C09AA,C09AA09,0
2019,3,F,Fosinopril Sodium/Hydrochlorothiazide,FOSINOPRIL SODIUM-HYDROCHLOROTHIAZIDE,C09BA,C09BA09,32
2019,3,T,Fosinopril Sodium/Hydrochlorothiazide,FOSINOPRIL SODIUM-HYDROCHLOROTHIAZIDE,C09BA,C09BA09,0
2019,3,F,Furosemide,FUROSEMIDE,C03CA,C03CA01,954291
2019,3,T,Furosemide,FUROSEMIDE,C03CA,C03CA01,0
2019,3,F,Furosemide,FUROSEMIDE NOVAPLUS,C03CA,C03CA01,1266
2019,3,T,Furosemide,FUROSEMIDE NOVAPLUS,C03CA,C03CA01,0
2019,3,T,Furosemide,LASIX,C03CA,C03CA01,0
2019,3,F,Furosemide,PREMIERPRO RX FUROSEMIDE,C03CA,C03CA01,1416
2019,3,T,Furosemide,PREMIERPRO RX FUROSEMIDE,C03CA,C03CA01,0
2019,3,F,Guanfacine Hydrochloride,GUANFACINE HCL,C02AC,C02AC02,848418
2019,3,T,Guanfacine Hydrochloride,GUANFACINE HCL,C02AC,C02AC02,0
2019,3,T,Guanfacine Hydrochloride,GUANFACINE HCL AVPAK,C02AC,C02AC02,0
2019,3,F,Guanfacine Hydrochloride,INTUNIV,C02AC,C02AC02,3917
2019,3,T,Guanfacine Hydrochloride,INTUNIV,C02AC,C02AC02,0
2019,3,F,Hydralazine Hydrochloride,HYDRALAZINE HCL,C02DB,C02DB02,223986
2019,3,T,Hydralazine Hydrochloride,HYDRALAZINE HCL,C02DB,C02DB02,0
2019,3,F,Hydralazine Hydrochloride/Isosorbide Dinitrate,BIDIL,C02DB,C02DB02,1753
2019,3,T,Hydralazine Hydrochloride/Isosorbide Dinitrate,BIDIL,C02DB,C02DB02,0
2019,3,F,Hydrochlorothiazide,HYDROCHLOROTHIAZIDE,C03AA,C03AA03,1297337
2019,3,T,Hydrochlorothiazide,HYDROCHLOROTHIAZIDE,C03AA,C03AA03,0
2019,3,T,Hydrochlorothiazide,MICROZIDE,C03AA,C03AA03,0
2019,3,T,Hydrochlorothiazide/Irbesartan,AVALIDE,C09DA,C09DA04,0
2019,3,F,Hydrochlorothiazide/Irbesartan,IRBESARTAN/HYDROCHLOROTHIAZIDE,C09DA,C09DA04,9486
2019,3,T,Hydrochlorothiazide/Irbesartan,IRBESARTAN/HYDROCHLOROTHIAZIDE,C09DA,C09DA04,0
2019,3,F,Hydrochlorothiazide/Lisinopril,LISINOPRIL/HYDROCHLOROTHIAZIDE,C09BA,C09BA03,544835
2019,3,T,Hydrochlorothiazide/Lisinopril,LISINOPRIL/HYDROCHLOROTHIAZIDE,C09BA,C09BA03,0
2019,3,T,Hydrochlorothiazide/Lisinopril,ZESTORETIC,C09BA,C09BA03,0
2019,3,T,Hydrochlorothiazide/Losartan Potassium,HYZAAR,C09DA,C09DA01,0
2019,3,F,Hydrochlorothiazide/Losartan Potassium,LOSARTAN POTASSIUM-HYDROCHLOROTHIAZIDE,C09DA,C09DA01,336111
2019,3,T,Hydrochlorothiazide/Losartan Potassium,LOSARTAN POTASSIUM-HYDROCHLOROTHIAZIDE,C09DA,C09DA01,0
2019,3,T,Hydrochlorothiazide/Losartan Potassium,LOSARTAN POTASSIUM-HYDROCHLOROTHIAZIDE AVPAK,C09DA,C09DA01,0
2019,3,T,Hydrochlorothiazide/Methyldopa,METHYLDOPA/HCTZ,C02LB,C02LB01,0
2019,3,F,Hydrochlorothiazide/Metoprolol Tartrate,METOPROLOL TARTRATE/HYDROCHLOROTHIAZIDE,C07BB,C07BB02,2231
2019,3,T,Hydrochlorothiazide/Metoprolol Tartrate,METOPROLOL TARTRATE/HYDROCHLOROTHIAZIDE,C07BB,C07BB02,0
2019,3,T,Hydrochlorothiazide/Moexipril Hydrochloride,MOEXIPRIL HCL-HYDROCHLOROTHIAZIDE,C09BA,C09BA13,0
2019,3,T,Hydrochlorothiazide/Propranolol Hydrochloride,PROPRANOLOL/HCTZ,C07BA,C07BA05,0
2019,3,F,Hydrochlorothiazide/Quinapril Hydrochloride,QUINAPRIL HCL/HYDROCHLOROTHIAZIDE,C09BA,C09BA06,890
2019,3,T,Hydrochlorothiazide/Quinapril Hydrochloride,QUINAPRIL HCL/HYDROCHLOROTHIAZIDE,C09BA,C09BA06,0
2019,3,T,Hydrochlorothiazide/Spironolactone,ALDACTAZIDE,C03EA,C03EA01,0
2019,3,F,Hydrochlorothiazide/Spironolactone,SPIRONOLACTONE-HYDROCHLOROTHIAZIDE,C03EA,C03EA01,9709
2019,3,T,Hydrochlorothiazide/Spironolactone,SPIRONOLACTONE-HYDROCHLOROTHIAZIDE,C03EA,C03EA01,0
2019,3,F,Hydrochlorothiazide/Telmisartan,MICARDIS HCT,C09DA,C09DA07,240
2019,3,T,Hydrochlorothiazide/Telmisartan,MICARDIS HCT,C09DA,C09DA07,0
2019,3,F,Hydrochlorothiazide/Telmisartan,TELMISARTAN/HYDROCHLOROTHIAZIDE,C09DA,C09DA07,1829
2019,3,T,Hydrochlorothiazide/Telmisartan,TELMISARTAN/HYDROCHLOROTHIAZIDE,C09DA,C09DA07,0
2019,3,T,Hydrochlorothiazide/Triamterene,DYAZIDE,C03EA,C03EA01,0
2019,3,T,Hydrochlorothiazide/Triamterene,MAXZIDE,C03EA,C03EA01,0
2019,3,T,Hydrochlorothiazide/Triamterene,MAXZIDE-25,C03EA,C03EA01,0
2019,3,F,Hydrochlorothiazide/Triamterene,TRIAMTERENE/HYDROCHLOROTHIAZIDE,C03EA,C03EA01,128608
2019,3,T,Hydrochlorothiazide/Triamterene,TRIAMTERENE/HYDROCHLOROTHIAZIDE,C03EA,C03EA01,0
2019,3,F,Hydrochlorothiazide/Valsartan,DIOVAN HCT,C09DA,C09DA03,44
2019,3,T,Hydrochlorothiazide/Valsartan,DIOVAN HCT,C09DA,C09DA03,0
2019,3,F,Hydrochlorothiazide/Valsartan,VALSARTAN/HYDROCHLOROTHIAZIDE,C09DA,C09DA03,32140
2019,3,T,Hydrochlorothiazide/Valsartan,VALSARTAN/HYDROCHLOROTHIAZIDE,C09DA,C09DA03,0
2019,3,F,Indapamide,INDAPAMIDE,C03BA,C03BA11,9333
2019,3,T,Indapamide,INDAPAMIDE,C03BA,C03BA11,0
2019,3,T,Irbesartan,AVAPRO,C09CA,C09CA04,0
2019,3,F,Irbesartan,IRBESARTAN,C09CA,C09CA04,38768
2019,3,T,Irbesartan,IRBESARTAN,C09CA,C09CA04,0
2019,3,T,Irbesartan,IRBESARTAN AVPAK,C09CA,C09CA04,0
2019,3,F,Isradipine,ISRADIPINE,C08CA,C08CA03,92
2019,3,T,Isradipine,ISRADIPINE,C08CA,C08CA03,0
2019,3,T,Isradipine,ISRADIPINE AVPAK,C08CA,C08CA03,0
2019,3,F,Labetalol Hydrochloride,LABETALOL HCL,C07AG,C07AG01,143440
2019,3,T,Labetalol Hydrochloride,LABETALOL HCL,C07AG,C07AG01,0
2019,3,F,Lisinopril,LISINOPRIL,C09AA,C09AA03,2792655
2019,3,T,Lisinopril,LISINOPRIL,C09AA,C09AA03,0
2019,3,T,Lisinopril,PRINIVIL,C09AA,C09AA03,0
2019,3,F,Lisinopril,QBRELIS,C09AA,C09AA03,1521
2019,3,T,Lisinopril,QBRELIS,C09AA,C09AA03,0
2019,3,T,Lisinopril,ZESTRIL,C09AA,C09AA03,0
2019,3,T,Losartan Potassium,COZAAR,C09CA,C09CA01,0
2019,3,F,Losartan Potassium,LOSARTAN POTASSIUM,C09CA,C09CA01,1305583
2019,3,T,Losartan Potassium,LOSARTAN POTASSIUM,C09CA,C09CA01,0
2019,3,T,Losartan Potassium,LOSARTAN POTASSIUM AVPAK,C09CA,C09CA01,0
2019,3,F,Macitentan,OPSUMIT,C02KX,C02KX04,2623
2019,3,T,Macitentan,OPSUMIT,C02KX,C02KX04,0
2019,3,T,Methyclothiazide,METHYCLOTHIAZIDE,C03AA,C03AA08,0
2019,3,F,Methyldopa,METHYLDOPA,C02AB,C02AB01,4158
2019,3,T,Methyldopa,METHYLDOPA,C02AB,C02AB01,0
2019,3,F,Metolazone,METOLAZONE,C03BA,C03BA08,27297
2019,3,T,Metolazone,METOLAZONE,C03BA,C03BA08,0
2019,3,F,Metoprolol Succinate,KAPSPARGO SPRINKLE,C07AB,C07AB02,70
2019,3,T,Metoprolol Succinate,KAPSPARGO SPRINKLE,C07AB,C07AB02,0
2019,3,F,Metoprolol Succinate,METOPROLOL SUCCINATE,C07AB,C07AB02,1029312
2019,3,T,Metoprolol Succinate,METOPROLOL SUCCINATE,C07AB,C07AB02,0
2019,3,T,Metoprolol Succinate,METOPROLOL SUCCINATE AVPAK,C07AB,C07AB02,0
2019,3,F,Metoprolol Succinate,TOPROL XL,C07AB,C07AB02,778
2019,3,T,Metoprolol Succinate,TOPROL XL,C07AB,C07AB02,0
2019,3,T,Metoprolol Tartrate,FIRST-METOPROLOL,C07AB,C07AB02,0
2019,3,T,Metoprolol Tartrate,LOPRESSOR,C07AB,C07AB02,0
2019,3,F,Metoprolol Tartrate,METOPROLOL TARTRATE,C07AB,C07AB02,886837
2019,3,T,Metoprolol Tartrate,METOPROLOL TARTRATE,C07AB,C07AB02,0
2019,3,T,Metyrosine,DEMSER,C02KB,C02KB01,0
2019,3,F,Minoxidil,MINOXIDIL,C02DC,C02DC01,10284
2019,3,T,Minoxidil,MINOXIDIL,C02DC,C02DC01,0
2019,3,F,Moexipril Hydrochloride,MOEXIPRIL HYDROCHLORIDE,C09AA,C09AA13,36
2019,3,T,Moexipril Hydrochloride,MOEXIPRIL HYDROCHLORIDE,C09AA,C09AA13,0
2019,3,T,Nadolol,CORGARD,C07AA,C07AA12,0
2019,3,F,Nadolol,NADOLOL,C07AA,C07AA12,25504
2019,3,T,Nadolol,NADOLOL,C07AA,C07AA12,0
2019,3,F,Nebivolol Hydrochloride,BYSTOLIC,C07AB,C07AB12,18032
2019,3,T,Nebivolol Hydrochloride,BYSTOLIC,C07AB,C07AB12,0
2019,3,F,Nicardipine Hydrochloride,NICARDIPINE HCL,C08CA,C08CA04,67
2019,3,T,Nicardipine Hydrochloride,NICARDIPINE HCL,C08CA,C08CA04,0
2019,3,T,Nifedipine,ADALAT CC,C08CA,C08CA05,0
2019,3,T,Nifedipine,AFEDITAB CR,C08CA,C08CA05,0
2019,3,T,Nifedipine,NIFEDICAL XL,C08CA,C08CA05,0
2019,3,F,Nifedipine,NIFEDIPINE,C08CA,C08CA05,244081
2019,3,T,Nifedipine,NIFEDIPINE,C08CA,C08CA05,0
2019,3,T,Nifedipine,NIFEDIPINE AVPAK,C08CA,C08CA05,0
2019,3,T,Nifedipine,PROCARDIA,C08CA,C08CA05,0
2019,3,T,Nifedipine,PROCARDIA XL,C08CA,C08CA05,0
2019,3,F,Nimodipine,NIMODIPINE,C08CA,C08CA06,32
2019,3,T,Nimodipine,NIMODIPINE,C08CA,C08CA06,0
2019,3,T,Nimodipine,NYMALIZE,C08CA,C08CA06,0
2019,3,F,Nisoldipine,NISOLDIPINE,C08CA,C08CA07,40
2019,3,T,Nisoldipine,NISOLDIPINE,C08CA,C08CA07,0
2019,3,F,Perindopril Erbumine,PERINDOPRIL ERBUMINE,C09AA,C09AA04,81
2019,3,T,Perindopril Erbumine,PERINDOPRIL ERBUMINE,C09AA,C09AA04,0
2019,3,F,Pindolol,PINDOLOL,C07AA,C07AA03,989
2019,3,T,Pindolol,PINDOLOL,C07AA,C07AA03,0
2019,3,T,Prazosin Hydrochloride,MINIPRESS,C02CA,C02CA01,0
2019,3,F,Prazosin Hydrochloride,PRAZOSIN HCL,C02CA,C02CA01,368735
2019,3,T,Prazosin Hydrochloride,PRAZOSIN HCL,C02CA,C02CA01,0
2019,3,F,Propranolol Hydrochloride,HEMANGEOL,C07AA,C07AA05,827
2019,3,T,Propranolol Hydrochloride,HEMANGEOL,C07AA,C07AA05,0
2019,3,T,Propranolol Hydrochloride,INDERAL LA,C07AA,C07AA05,0
2019,3,T,Propranolol Hydrochloride,INDERAL XL,C07AA,C07AA05,0
2019,3,T,Propranolol Hydrochloride,INNOPRAN XL,C07AA,C07AA05,0
2019,3,F,Propranolol Hydrochloride,PROPRANOLOL HCL,C07AA,C07AA05,505140
2019,3,T,Propranolol Hydrochloride,PROPRANOLOL HCL,C07AA,C07AA05,0
2019,3,T,Propranolol Hydrochloride,PROPRANOLOL HCL AVPAK,C07AA,C07AA05,0
2019,3,T,Quinapril Hydrochloride,ACCUPRIL,C09AA,C09AA06,0
2019,3,F,Quinapril Hydrochloride,QUINAPRIL,C09AA,C09AA06,12359
2019,3,T,Quinapril Hydrochloride,QUINAPRIL,C09AA,C09AA06,0
2019,3,T,Quinapril Hydrochloride,QUINAPRIL HCL,C09AA,C09AA06,0
2019,3,T,Ramipril,ALTACE,C09AA,C09AA05,0
2019,3,F,Ramipril,RAMIPRIL,C09AA,C09AA05,41385
2019,3,T,Ramipril,RAMIPRIL,C09AA,C09AA05,0
2019,3,F,Riociguat,ADEMPAS,C02KX,C02KX05,644
2019,3,T,Riociguat,ADEMPAS,C02KX,C02KX05,0
2019,3,F,Sacubitril/Valsartan,ENTRESTO,C09DX,C09DX04,56794
2019,3,T,Sacubitril/Valsartan,ENTRESTO,C09DX,C09DX04,0
2019,3,T,Sotalol Hydrochloride,BETAPACE,C07AA,C07AA07,0
2019,3,T,Sotalol Hydrochloride,BETAPACE AF,C07AA,C07AA07,0
2019,3,T,Sotalol Hydrochloride,SORINE,C07AA,C07AA07,0
2019,3,F,Sotalol Hydrochloride,SOTALOL HCL,C07AA,C07AA07,17862
2019,3,T,Sotalol Hydrochloride,SOTALOL HCL,C07AA,C07AA07,0
2019,3,F,Sotalol Hydrochloride,SOTALOL HCL AF,C07AA,C07AA07,335
2019,3,T,Sotalol Hydrochloride,SOTALOL HCL AF,C07AA,C07AA07,0
2019,3,F,Sotalol Hydrochloride,SOTYLIZE,C07AA,C07AA07,238
2019,3,T,Sotalol Hydrochloride,SOTYLIZE,C07AA,C07AA07,0
2019,3,T,Spironolactone,ALDACTONE,C03DA,C03DA01,0
2019,3,F,Spironolactone,CAROSPIR,C03DA,C03DA01,1937
2019,3,T,Spironolactone,CAROSPIR,C03DA,C03DA01,0
2019,3,F,Spironolactone,SPIRONOLACTONE,C03DA,C03DA01,471085
2019,3,T,Spironolactone,SPIRONOLACTONE,C03DA,C03DA01,0
2019,3,F,Spironolactone,SPIRONOLACTONE AVPAK,C03DA,C03DA01,31
2019,3,T,Spironolactone,SPIRONOLACTONE AVPAK,C03DA,C03DA01,0
2019,3,F,Telmisartan,MICARDIS,C09CA,C09CA07,844
2019,3,T,Telmisartan,MICARDIS,C09CA,C09CA07,0
2019,3,F,Telmisartan,TELMISARTAN,C09CA,C09CA07,8769
2019,3,T,Telmisartan,TELMISARTAN,C09CA,C09CA07,0
2019,3,T,Timolol Maleate,TIMOLOL MALEATE,C07AA,C07AA06,0
2019,3,T,Tolvaptan,JYNARQUE,C03XA,C03XA01,0
2019,3,F,Tolvaptan,SAMSCA,C03XA,C03XA01,32
2019,3,T,Tolvaptan,SAMSCA,C03XA,C03XA01,0
2019,3,F,Tolvaptan;Tolvaptan,JYNARQUE 45/15,C03XA,C03XA01,262
2019,3,T,Tolvaptan;Tolvaptan,JYNARQUE 45/15,C03XA,C03XA01,0
2019,3,F,Tolvaptan;Tolvaptan,JYNARQUE 60/30,C03XA,C03XA01,14
2019,3,T,Tolvaptan;Tolvaptan,JYNARQUE 60/30,C03XA,C03XA01,0
2019,3,T,Tolvaptan;Tolvaptan,JYNARQUE 90/30,C03XA,C03XA01,0
2019,3,T,Torsemide,DEMADEX,C03CA,C03CA04,0
2019,3,F,Torsemide,TORSEMIDE,C03CA,C03CA04,56373
2019,3,T,Torsemide,TORSEMIDE,C03CA,C03CA04,0
2019,3,F,Torsemide,TORSEMIDE AVPAK,C03CA,C03CA04,34
2019,3,T,Torsemide,TORSEMIDE AVPAK,C03CA,C03CA04,0
2019,3,F,Trandolapril,TRANDOLAPRIL,C09AA,C09AA10,93
2019,3,T,Trandolapril,TRANDOLAPRIL,C09AA,C09AA10,0
2019,3,F,Trandolapril/Verapamil Hydrochloride,TARKA,C09BB,C09BB10,17
2019,3,T,Trandolapril/Verapamil Hydrochloride,TARKA,C09BB,C09BB10,0
2019,3,T,Trandolapril/Verapamil Hydrochloride,TRANDOLAPRIL/VERAPAMIL HCL,C09BB,C09BB10,0
2019,3,T,Triamterene,TRIAMTERENE,C03DB,C03DB02,0
2019,3,F,Valsartan,DIOVAN,C09CA,C09CA03,3728
2019,3,T,Valsartan,DIOVAN,C09CA,C09CA03,0
2019,3,F,Valsartan,VALSARTAN,C09CA,C09CA03,56485
2019,3,T,Valsartan,VALSARTAN,C09CA,C09CA03,0
2019,3,T,Valsartan,VALSARTAN AVPAK,C09CA,C09CA03,0
2019,3,T,Verapamil Hydrochloride,CALAN,C08DA,C08DA01,0
2019,3,T,Verapamil Hydrochloride,CALAN SR,C08DA,C08DA01,0
2019,3,F,Verapamil Hydrochloride,VERAPAMIL HCL,C08DA,C08DA01,84807
2019,3,T,Verapamil Hydrochloride,VERAPAMIL HCL,C08DA,C08DA01,0
2019,3,T,Verapamil Hydrochloride,VERAPAMIL HCL NOVAPLUS,C08DA,C08DA01,0
2019,3,T,Verapamil Hydrochloride,VERELAN,C08DA,C08DA01,0
2019,3,T,Verapamil Hydrochloride,VERELAN PM,C08DA,C08DA01,0
2019,4,F,Acebutolol Hydrochloride,ACEBUTOLOL HCL,C07AB,C07AB04,1168
2019,4,T,Acebutolol Hydrochloride,ACEBUTOLOL HCL,C07AB,C07AB04,0
2019,4,T,Acebutolol Hydrochloride,ACEBUTOLOL HCL AVPAK,C07AB,C07AB04,0
2019,4,F,Aliskiren,ALISKIREN,C09XA,C09XA02,65
2019,4,T,Aliskiren,ALISKIREN,C09XA,C09XA02,0
2019,4,T,Aliskiren,TEKTURNA,C09XA,C09XA02,0
2019,4,T,Aliskiren/Hydrochlorothiazide,TEKTURNA HCT,C09XA,C09XA52,0
2019,4,F,Ambrisentan,AMBRISENTAN,C02KX,C02KX02,1726
2019,4,T,Ambrisentan,AMBRISENTAN,C02KX,C02KX02,0
2019,4,F,Ambrisentan,LETAIRIS,C02KX,C02KX02,1740
2019,4,T,Ambrisentan,LETAIRIS,C02KX,C02KX02,0
2019,4,F,Amiloride Hydrochloride,AMILORIDE HCL,C03DB,C03DB01,5679
2019,4,T,Amiloride Hydrochloride,AMILORIDE HCL,C03DB,C03DB01,0
2019,4,F,Amiloride Hydrochloride/Hydrochlorothiazide,AMILORIDE HCL/HYDROCHLOROTHIAZIDE,C03EA,C03EA01,623
2019,4,T,Amiloride Hydrochloride/Hydrochlorothiazide,AMILORIDE HCL/HYDROCHLOROTHIAZIDE,C03EA,C03EA01,0
2019,4,F,Amlodipine,KATERZIA,C08CA,C08CA01,1603
2019,4,T,Amlodipine,KATERZIA,C08CA,C08CA01,0
2019,4,F,Amlodipine Besylate,AMLODIPINE BESYLATE,C08CA,C08CA01,2266525
2019,4,T,Amlodipine Besylate,AMLODIPINE BESYLATE,C08CA,C08CA01,0
2019,4,F,Amlodipine Besylate,AMLODIPINE BESYLATE AVPAK,C08CA,C08CA01,303
2019,4,T,Amlodipine Besylate,AMLODIPINE BESYLATE AVPAK,C08CA,C08CA01,0
2019,4,F,Amlodipine Besylate,NORVASC,C08CA,C08CA01,119
2019,4,T,Amlodipine Besylate,NORVASC,C08CA,C08CA01,0
2019,4,F,Amlodipine Besylate/Benazepril Hydrochloride,AMLODIPINE BESYLATE-BENAZEPRIL HCL,C09BB,C09BB13,55045
2019,4,T,Amlodipine Besylate/Benazepril Hydrochloride,AMLODIPINE BESYLATE-BENAZEPRIL HCL,C09BB,C09BB13,0
2019,4,T,Amlodipine Besylate/Benazepril Hydrochloride,LOTREL,C09BB,C09BB13,0
2019,4,F,Amlodipine Besylate/HCTZ/Olmesartan Medoxomil,AMLODIPINE BESYLATE-HCTZ-OLMESARTAN MEDOXOMIL,C09DX,C09DX03,677
2019,4,T,Amlodipine Besylate/HCTZ/Olmesartan Medoxomil,AMLODIPINE BESYLATE-HCTZ-OLMESARTAN MEDOXOMIL,C09DX,C09DX03,0
2019,4,T,Amlodipine Besylate/HCTZ/Olmesartan Medoxomil,TRIBENZOR,C09DX,C09DX03,0
2019,4,F,Amlodipine Besylate/Hydrochlorothiazide/Valsartan,AMLODIPINE-VALSARTAN-HYDROCHLOROTHIAZIDE,C09DX,C09DX01,726
2019,4,T,Amlodipine Besylate/Hydrochlorothiazide/Valsartan,AMLODIPINE-VALSARTAN-HYDROCHLOROTHIAZIDE,C09DX,C09DX01,0
2019,4,F,Amlodipine Besylate/Hydrochlorothiazide/Valsartan,EXFORGE HCT,C09DX,C09DX01,23
2019,4,T,Amlodipine Besylate/Hydrochlorothiazide/Valsartan,EXFORGE HCT,C09DX,C09DX01,0
2019,4,F,Amlodipine Besylate/Olmesartan Medoxomil,AMLODIPINE BESYLATE-OLMESARTAN MEDOXOMIL,C09DB,C09DB02,1182
2019,4,T,Amlodipine Besylate/Olmesartan Medoxomil,AMLODIPINE BESYLATE-OLMESARTAN MEDOXOMIL,C09DB,C09DB02,0
2019,4,T,Amlodipine Besylate/Olmesartan Medoxomil,AZOR,C09DB,C09DB02,0
2019,4,T,Amlodipine Besylate/Telmisartan,TELMISARTAN-AMLODIPINE BESYLATE,C09DB,C09DB04,0
2019,4,F,Amlodipine Besylate/Valsartan,AMLODIPINE BESYLATE-VALSARTAN,C09DB,C09DB01,3469
2019,4,T,Amlodipine Besylate/Valsartan,AMLODIPINE BESYLATE-VALSARTAN,C09DB,C09DB01,0
2019,4,T,Amlodipine Besylate/Valsartan,EXFORGE,C09DB,C09DB01,0
2019,4,F,Atenolol,ATENOLOL,C07AB,C07AB03,380090
2019,4,T,Atenolol,ATENOLOL,C07AB,C07AB03,0
2019,4,T,Atenolol,FIRST-ATENOLOL,C07AB,C07AB11,0
2019,4,T,Atenolol,TENORMIN,C07AB,C07AB03,0
2019,4,F,Atenolol/Chlorthalidone,ATENOLOL-CHLORTHALIDONE,C07CB,C07CB03,27522
2019,4,T,Atenolol/Chlorthalidone,ATENOLOL-CHLORTHALIDONE,C07CB,C07CB03,0
2019,4,T,Atenolol/Chlorthalidone,TENORETIC 50,C07CB,C07CB03,0
2019,4,F,Azilsartan Medoxomil/Chlorthalidone,EDARBYCLOR,C03BA,C03BA04,1320
2019,4,T,Azilsartan Medoxomil/Chlorthalidone,EDARBYCLOR,C03BA,C03BA04,0
2019,4,T,Benazepril Hydrochloride,BENAZEPRIL HCL AVPAK,C09AA,C09AA07,0
2019,4,F,Benazepril Hydrochloride,BENAZEPRIL HYDROCHLORIDE,C09AA,C09AA07,137008
2019,4,T,Benazepril Hydrochloride,BENAZEPRIL HYDROCHLORIDE,C09AA,C09AA07,0
2019,4,F,Benazepril Hydrochloride/Hydrochlorothiazide,BENAZEPRIL HCL/HYDROCHLOROTHIAZIDE,C09BA,C09BA07,11066
2019,4,T,Benazepril Hydrochloride/Hydrochlorothiazide,BENAZEPRIL HCL/HYDROCHLOROTHIAZIDE,C09BA,C09BA07,0
2019,4,T,Benazepril Hydrochloride/Hydrochlorothiazide,LOTENSIN HCT,C09BA,C09BA07,0
2019,4,T,Bendroflumethiazide/Nadolol,NADOLOL-BENDROFLUMETHIAZIDE,C07BA,C07BA12,0
2019,4,F,Betaxolol Hydrochloride,BETAXOLOL,C07AB,C07AB05,139
2019,4,T,Betaxolol Hydrochloride,BETAXOLOL,C07AB,C07AB05,0
2019,4,F,Bisoprolol Fumarate,BISOPROLOL FUMARATE,C07AB,C07AB07,30071
2019,4,T,Bisoprolol Fumarate,BISOPROLOL FUMARATE,C07AB,C07AB07,0
2019,4,F,Bisoprolol Fumarate/Hydrochlorothiazide,BISOPROLOL FUMARATE/HYDROCHLOROTHIAZIDE,C07BB,C07BB07,19698
2019,4,T,Bisoprolol Fumarate/Hydrochlorothiazide,BISOPROLOL FUMARATE/HYDROCHLOROTHIAZIDE,C07BB,C07BB07,0
2019,4,F,Bisoprolol Fumarate/Hydrochlorothiazide,BISOPROLOL/HCTZ,C07BB,C07BB07,11
2019,4,T,Bisoprolol Fumarate/Hydrochlorothiazide,BISOPROLOL/HCTZ,C07BB,C07BB07,0
2019,4,T,Bisoprolol Fumarate/Hydrochlorothiazide,ZIAC,C07BB,C07BB07,0
2019,4,F,Bosentan,BOSENTAN,C02KX,C02KX01,82
2019,4,T,Bosentan,BOSENTAN,C02KX,C02KX01,0
2019,4,F,Bosentan,TRACLEER,C02KX,C02KX01,321
2019,4,T,Bosentan,TRACLEER,C02KX,C02KX01,0
2019,4,F,Bumetanide,BUMETANIDE,C03CA,C03CA02,60705
2019,4,T,Bumetanide,BUMETANIDE,C03CA,C03CA02,0
2019,4,T,Bumetanide,BUMETANIDE NOVAPLUS,C03CA,C03CA02,0
2019,4,T,Candesartan Cilexetil,ATACAND,C09CA,C09CA06,0
2019,4,F,Candesartan Cilexetil,CANDESARTAN CILEXETIL,C09CA,C09CA06,5891
2019,4,T,Candesartan Cilexetil,CANDESARTAN CILEXETIL,C09CA,C09CA06,0
2019,4,T,Candesartan Cilexetil/Hydrochlorothiazide,ATACAND HCT,C09DA,C09DA06,0
2019,4,F,Candesartan Cilexetil/Hydrochlorothiazide,CANDESARTAN CILEXETIL-HYDROCHLOROTHIAZIDE,C09DA,C09DA06,1163
2019,4,T,Candesartan Cilexetil/Hydrochlorothiazide,CANDESARTAN CILEXETIL-HYDROCHLOROTHIAZIDE,C09DA,C09DA06,0
2019,4,T,Captopril,CAPOTEN,C09AA,C09AA01,0
2019,4,F,Captopril,CAPTOPRIL,C09AA,C09AA01,5309
2019,4,T,Captopril,CAPTOPRIL,C09AA,C09AA01,0
2019,4,F,Captopril/Hydrochlorothiazide,CAPTOPRIL/HYDROCHLOROTHIAZIDE,C09BA,C09BA01,22
2019,4,T,Captopril/Hydrochlorothiazide,CAPTOPRIL/HYDROCHLOROTHIAZIDE,C09BA,C09BA01,0
2019,4,F,Carvedilol,CARVEDILOL,C07AG,C07AG02,662159
2019,4,T,Carvedilol,CARVEDILOL,C07AG,C07AG02,0
2019,4,F,Carvedilol,COREG,C07AG,C07AG02,36
2019,4,T,Carvedilol,COREG,C07AG,C07AG02,0
2019,4,F,Carvedilol Phosphate,CARVEDILOL,C07AG,C07AG02,1066
2019,4,T,Carvedilol Phosphate,CARVEDILOL,C07AG,C07AG02,0
2019,4,T,Carvedilol Phosphate,COREG CR,C07AG,C07AG02,0
2019,4,F,Chlorothiazide,CHLOROTHIAZIDE,C03AA,C03AA04,660
2019,4,T,Chlorothiazide,CHLOROTHIAZIDE,C03AA,C03AA04,0
2019,4,F,Chlorothiazide,DIURIL,C03AA,C03AA04,4720
2019,4,T,Chlorothiazide,DIURIL,C03AA,C03AA04,0
2019,4,F,Chlorthalidone,CHLORTHALIDONE,C03BA,C03BA04,187185
2019,4,T,Chlorthalidone,CHLORTHALIDONE,C03BA,C03BA04,0
2019,4,T,Clonidine Hydrochloride,CATAPRES,C02AC,C02AC01,0
2019,4,F,Clonidine Hydrochloride,CLONIDINE HCL,C02AC,C02AC01,1350028
2019,4,T,Clonidine Hydrochloride,CLONIDINE HCL,C02AC,C02AC01,0
2019,4,F,Clonidine Hydrochloride,DURACLON,C02AC,C02AC01,24
2019,4,T,Clonidine Hydrochloride,DURACLON,C02AC,C02AC01,0
2019,4,T,Clonidine Hydrochloride,KAPVAY,C02AC,C02AC01,0
2019,4,T,Diltiazem Hydrochloride,CARDIZEM,C08DB,C08DB01,0
2019,4,T,Diltiazem Hydrochloride,CARDIZEM CD,C08DB,C08DB01,0
2019,4,F,Diltiazem Hydrochloride,CARDIZEM LA,C08DB,C08DB01,233
2019,4,T,Diltiazem Hydrochloride,CARDIZEM LA,C08DB,C08DB01,0
2019,4,F,Diltiazem Hydrochloride,CARTIA XT,C08DB,C08DB01,29542
2019,4,T,Diltiazem Hydrochloride,CARTIA XT,C08DB,C08DB01,0
2019,4,F,Diltiazem Hydrochloride,DILT-XR,C08DB,C08DB01,15355
2019,4,T,Diltiazem Hydrochloride,DILT-XR,C08DB,C08DB01,0
2019,4,F,Diltiazem Hydrochloride,DILTIAZEM,C08DB,C08DB01,13
2019,4,T,Diltiazem Hydrochloride,DILTIAZEM,C08DB,C08DB01,0
2019,4,T,Diltiazem Hydrochloride,DILTIAZEM CD,C08DB,C08DB01,0
2019,4,T,Diltiazem Hydrochloride,DILTIAZEM ER,C08DB,C08DB01,0
2019,4,F,Diltiazem Hydrochloride,DILTIAZEM HCL,C08DB,C08DB01,132788
2019,4,T,Diltiazem Hydrochloride,DILTIAZEM HCL,C08DB,C08DB01,0
2019,4,F,Diltiazem Hydrochloride,DILTIAZEM HCL CD,C08DB,C08DB01,1280
2019,4,T,Diltiazem Hydrochloride,DILTIAZEM HCL CD,C08DB,C08DB01,0
2019,4,F,Diltiazem Hydrochloride,MATZIM LA,C08DB,C08DB01,452
2019,4,T,Diltiazem Hydrochloride,MATZIM LA,C08DB,C08DB01,0
2019,4,F,Diltiazem Hydrochloride,TAZTIA XT,C08DB,C08DB01,12
2019,4,T,Diltiazem Hydrochloride,TAZTIA XT,C08DB,C08DB01,0
2019,4,T,Diltiazem Hydrochloride,TIAZAC,C08DB,C08DB01,0
2019,4,T,Doxazosin Mesylate,CARDURA,C02CA,C02CA04,0
2019,4,T,Doxazosin Mesylate,CARDURA XL,C02CA,C02CA04,0
2019,4,F,Doxazosin Mesylate,DOXAZOSIN,C02CA,C02CA04,3955
2019,4,T,Doxazosin Mesylate,DOXAZOSIN,C02CA,C02CA04,0
2019,4,F,Doxazosin Mesylate,DOXAZOSIN MESYLATE,C02CA,C02CA04,48440
2019,4,T,Doxazosin Mesylate,DOXAZOSIN MESYLATE,C02CA,C02CA04,0
2019,4,F,Enalapril Maleate,ENALAPRIL MALEATE,C09AA,C09AA02,185033
2019,4,T,Enalapril Maleate,ENALAPRIL MALEATE,C09AA,C09AA02,0
2019,4,F,Enalapril Maleate,EPANED,C09AA,C09AA02,12081
2019,4,T,Enalapril Maleate,EPANED,C09AA,C09AA02,0
2019,4,T,Enalapril Maleate,VASOTEC,C09AA,C09AA02,0
2019,4,T,Enalapril Maleate/Hydrochlorothiazide,ENALAPRIL MALEATE-HYDROCHLOROTHIAZIDE,C09BA,C09BA02,0
2019,4,F,Enalapril Maleate/Hydrochlorothiazide,ENALAPRIL/HCTZ,C09BA,C09BA02,10655
2019,4,T,Enalapril Maleate/Hydrochlorothiazide,ENALAPRIL/HCTZ,C09BA,C09BA02,0
2019,4,T,Enalapril Maleate/Hydrochlorothiazide,VASERETIC,C09BA,C09BA02,0
2019,4,F,Eplerenone,EPLERENONE,C03DA,C03DA04,5032
2019,4,T,Eplerenone,EPLERENONE,C03DA,C03DA04,0
2019,4,T,Eplerenone,INSPRA,C03DA,C03DA04,0
2019,4,F,Felodipine,FELODIPINE,C08CA,C08CA02,6250
2019,4,T,Felodipine,FELODIPINE,C08CA,C08CA02,0
2019,4,F,Fosinopril Sodium,FOSINOPRIL SODIUM,C09AA,C09AA09,3007
2019,4,T,Fosinopril Sodium,FOSINOPRIL SODIUM,C09AA,C09AA09,0
2019,4,T,Fosinopril Sodium/Hydrochlorothiazide,FOSINOPRIL SODIUM-HYDROCHLOROTHIAZIDE,C09BA,C09BA09,0
2019,4,F,Furosemide,FUROSEMIDE,C03CA,C03CA01,903242
2019,4,T,Furosemide,FUROSEMIDE,C03CA,C03CA01,0
2019,4,F,Furosemide,FUROSEMIDE NOVAPLUS,C03CA,C03CA01,1183
2019,4,T,Furosemide,FUROSEMIDE NOVAPLUS,C03CA,C03CA01,0
2019,4,T,Furosemide,LASIX,C03CA,C03CA01,0
2019,4,F,Furosemide,PREMIERPRO RX FUROSEMIDE,C03CA,C03CA01,1524
2019,4,T,Furosemide,PREMIERPRO RX FUROSEMIDE,C03CA,C03CA01,0
2019,4,F,Guanfacine Hydrochloride,GUANFACINE HCL,C02AC,C02AC02,885115
2019,4,T,Guanfacine Hydrochloride,GUANFACINE HCL,C02AC,C02AC02,0
2019,4,T,Guanfacine Hydrochloride,GUANFACINE HCL AVPAK,C02AC,C02AC02,0
2019,4,F,Guanfacine Hydrochloride,INTUNIV,C02AC,C02AC02,3456
2019,4,T,Guanfacine Hydrochloride,INTUNIV,C02AC,C02AC02,0
2019,4,F,Hydralazine Hydrochloride,HYDRALAZINE HCL,C02DB,C02DB02,222464
2019,4,T,Hydralazine Hydrochloride,HYDRALAZINE HCL,C02DB,C02DB02,0
2019,4,F,Hydralazine Hydrochloride/Isosorbide Dinitrate,BIDIL,C02DB,C02DB02,1696
2019,4,T,Hydralazine Hydrochloride/Isosorbide Dinitrate,BIDIL,C02DB,C02DB02,0
2019,4,F,Hydrochlorothiazide,HYDROCHLOROTHIAZIDE,C03AA,C03AA03,1333226
2019,4,T,Hydrochlorothiazide,HYDROCHLOROTHIAZIDE,C03AA,C03AA03,0
2019,4,T,Hydrochlorothiazide/Irbesartan,AVALIDE,C09DA,C09DA04,0
2019,4,F,Hydrochlorothiazide/Irbesartan,IRBESARTAN/HYDROCHLOROTHIAZIDE,C09DA,C09DA04,10739
2019,4,T,Hydrochlorothiazide/Irbesartan,IRBESARTAN/HYDROCHLOROTHIAZIDE,C09DA,C09DA04,0
2019,4,F,Hydrochlorothiazide/Lisinopril,LISINOPRIL/HYDROCHLOROTHIAZIDE,C09BA,C09BA03,525451
2019,4,T,Hydrochlorothiazide/Lisinopril,LISINOPRIL/HYDROCHLOROTHIAZIDE,C09BA,C09BA03,0
2019,4,T,Hydrochlorothiazide/Lisinopril,ZESTORETIC,C09BA,C09BA03,0
2019,4,T,Hydrochlorothiazide/Losartan Potassium,HYZAAR,C09DA,C09DA01,0
2019,4,F,Hydrochlorothiazide/Losartan Potassium,LOSARTAN POTASSIUM-HYDROCHLOROTHIAZIDE,C09DA,C09DA01,206207
2019,4,T,Hydrochlorothiazide/Losartan Potassium,LOSARTAN POTASSIUM-HYDROCHLOROTHIAZIDE,C09DA,C09DA01,0
2019,4,T,Hydrochlorothiazide/Losartan Potassium,LOSARTAN POTASSIUM-HYDROCHLOROTHIAZIDE AVPAK,C09DA,C09DA01,0
2019,4,T,Hydrochlorothiazide/Methyldopa,METHYLDOPA/HCTZ,C02LB,C02LB01,0
2019,4,F,Hydrochlorothiazide/Metoprolol Tartrate,METOPROLOL TARTRATE/HYDROCHLOROTHIAZIDE,C07BB,C07BB02,2170
2019,4,T,Hydrochlorothiazide/Metoprolol Tartrate,METOPROLOL TARTRATE/HYDROCHLOROTHIAZIDE,C07BB,C07BB02,0
2019,4,T,Hydrochlorothiazide/Propranolol Hydrochloride,PROPRANOLOL/HCTZ,C07BA,C07BA05,0
2019,4,F,Hydrochlorothiazide/Quinapril Hydrochloride,QUINAPRIL HCL/HYDROCHLOROTHIAZIDE,C09BA,C09BA06,783
2019,4,T,Hydrochlorothiazide/Quinapril Hydrochloride,QUINAPRIL HCL/HYDROCHLOROTHIAZIDE,C09BA,C09BA06,0
2019,4,F,Hydrochlorothiazide/Spironolactone,ALDACTAZIDE,C03EA,C03EA01,29
2019,4,T,Hydrochlorothiazide/Spironolactone,ALDACTAZIDE,C03EA,C03EA01,0
2019,4,F,Hydrochlorothiazide/Spironolactone,SPIRONOLACTONE-HYDROCHLOROTHIAZIDE,C03EA,C03EA01,9216
2019,4,T,Hydrochlorothiazide/Spironolactone,SPIRONOLACTONE-HYDROCHLOROTHIAZIDE,C03EA,C03EA01,0
2019,4,F,Hydrochlorothiazide/Telmisartan,MICARDIS HCT,C09DA,C09DA07,207
2019,4,T,Hydrochlorothiazide/Telmisartan,MICARDIS HCT,C09DA,C09DA07,0
2019,4,F,Hydrochlorothiazide/Telmisartan,TELMISARTAN/HYDROCHLOROTHIAZIDE,C09DA,C09DA07,2331
2019,4,T,Hydrochlorothiazide/Telmisartan,TELMISARTAN/HYDROCHLOROTHIAZIDE,C09DA,C09DA07,0
2019,4,T,Hydrochlorothiazide/Triamterene,DYAZIDE,C03EA,C03EA01,0
2019,4,T,Hydrochlorothiazide/Triamterene,MAXZIDE,C03EA,C03EA01,0
2019,4,T,Hydrochlorothiazide/Triamterene,MAXZIDE-25,C03EA,C03EA01,0
2019,4,F,Hydrochlorothiazide/Triamterene,TRIAMTERENE/HYDROCHLOROTHIAZIDE,C03EA,C03EA01,121817
2019,4,T,Hydrochlorothiazide/Triamterene,TRIAMTERENE/HYDROCHLOROTHIAZIDE,C03EA,C03EA01,0
2019,4,T,Hydrochlorothiazide/Valsartan,DIOVAN HCT,C09DA,C09DA03,0
2019,4,F,Hydrochlorothiazide/Valsartan,VALSARTAN/HYDROCHLOROTHIAZIDE,C09DA,C09DA03,40169
2019,4,T,Hydrochlorothiazide/Valsartan,VALSARTAN/HYDROCHLOROTHIAZIDE,C09DA,C09DA03,0
2019,4,F,Indapamide,INDAPAMIDE,C03BA,C03BA11,9126
2019,4,T,Indapamide,INDAPAMIDE,C03BA,C03BA11,0
2019,4,T,Irbesartan,AVAPRO,C09CA,C09CA04,0
2019,4,F,Irbesartan,IRBESARTAN,C09CA,C09CA04,42154
2019,4,T,Irbesartan,IRBESARTAN,C09CA,C09CA04,0
2019,4,T,Irbesartan,IRBESARTAN AVPAK,C09CA,C09CA04,0
2019,4,F,Isradipine,ISRADIPINE,C08CA,C08CA03,60
2019,4,T,Isradipine,ISRADIPINE,C08CA,C08CA03,0
2019,4,T,Isradipine,ISRADIPINE AVPAK,C08CA,C08CA03,0
2019,4,F,Labetalol Hydrochloride,LABETALOL HCL,C07AG,C07AG01,141404
2019,4,T,Labetalol Hydrochloride,LABETALOL HCL,C07AG,C07AG01,0
2019,4,F,Lisinopril,LISINOPRIL,C09AA,C09AA03,2737556
2019,4,T,Lisinopril,LISINOPRIL,C09AA,C09AA03,0
2019,4,T,Lisinopril,PRINIVIL,C09AA,C09AA03,0
2019,4,F,Lisinopril,QBRELIS,C09AA,C09AA03,1499
2019,4,T,Lisinopril,QBRELIS,C09AA,C09AA03,0
2019,4,T,Lisinopril,ZESTRIL,C09AA,C09AA03,0
2019,4,F,Losartan Potassium,COZAAR,C09CA,C09CA01,30
2019,4,T,Losartan Potassium,COZAAR,C09CA,C09CA01,0
2019,4,F,Losartan Potassium,LOSARTAN POTASSIUM,C09CA,C09CA01,1359789
2019,4,T,Losartan Potassium,LOSARTAN POTASSIUM,C09CA,C09CA01,0
2019,4,F,Losartan Potassium,LOSARTAN POTASSIUM AVPAK,C09CA,C09CA01,12
2019,4,T,Losartan Potassium,LOSARTAN POTASSIUM AVPAK,C09CA,C09CA01,0
2019,4,F,Macitentan,OPSUMIT,C02KX,C02KX04,2531
2019,4,T,Macitentan,OPSUMIT,C02KX,C02KX04,0
2019,4,F,Methyldopa,METHYLDOPA,C02AB,C02AB01,4075
2019,4,T,Methyldopa,METHYLDOPA,C02AB,C02AB01,0
2019,4,F,Metolazone,METOLAZONE,C03BA,C03BA08,26085
2019,4,T,Metolazone,METOLAZONE,C03BA,C03BA08,0
2019,4,F,Metoprolol Succinate,KAPSPARGO SPRINKLE,C07AB,C07AB02,152
2019,4,T,Metoprolol Succinate,KAPSPARGO SPRINKLE,C07AB,C07AB02,0
2019,4,F,Metoprolol Succinate,METOPROLOL SUCCINATE,C07AB,C07AB02,1022577
2019,4,T,Metoprolol Succinate,METOPROLOL SUCCINATE,C07AB,C07AB02,0
2019,4,T,Metoprolol Succinate,METOPROLOL SUCCINATE AVPAK,C07AB,C07AB02,0
2019,4,F,Metoprolol Succinate,TOPROL XL,C07AB,C07AB02,947
2019,4,T,Metoprolol Succinate,TOPROL XL,C07AB,C07AB02,0
2019,4,T,Metoprolol Tartrate,LOPRESSOR,C07AB,C07AB02,0
2019,4,F,Metoprolol Tartrate,METOPROLOL TARTRATE,C07AB,C07AB02,857193
2019,4,T,Metoprolol Tartrate,METOPROLOL TARTRATE,C07AB,C07AB02,0
2019,4,T,Metyrosine,DEMSER,C02KB,C02KB01,0
2019,4,F,Minoxidil,MINOXIDIL,C02DC,C02DC01,10121
2019,4,T,Minoxidil,MINOXIDIL,C02DC,C02DC01,0
2019,4,F,Moexipril Hydrochloride,MOEXIPRIL HYDROCHLORIDE,C09AA,C09AA13,18
2019,4,T,Moexipril Hydrochloride,MOEXIPRIL HYDROCHLORIDE,C09AA,C09AA13,0
2019,4,T,Nadolol,CORGARD,C07AA,C07AA12,0
2019,4,F,Nadolol,NADOLOL,C07AA,C07AA12,24337
2019,4,T,Nadolol,NADOLOL,C07AA,C07AA12,0
2019,4,F,Nebivolol Hydrochloride,BYSTOLIC,C07AB,C07AB12,17530
2019,4,T,Nebivolol Hydrochloride,BYSTOLIC,C07AB,C07AB12,0
2019,4,F,Nicardipine Hydrochloride,NICARDIPINE HCL,C08CA,C08CA04,66
2019,4,T,Nicardipine Hydrochloride,NICARDIPINE HCL,C08CA,C08CA04,0
2019,4,T,Nifedipine,ADALAT CC,C08CA,C08CA05,0
2019,4,T,Nifedipine,AFEDITAB CR,C08CA,C08CA05,0
2019,4,T,Nifedipine,NIFEDICAL XL,C08CA,C08CA05,0
2019,4,F,Nifedipine,NIFEDIPINE,C08CA,C08CA05,243846
2019,4,T,Nifedipine,NIFEDIPINE,C08CA,C08CA05,0
2019,4,T,Nifedipine,NIFEDIPINE AVPAK,C08CA,C08CA05,0
2019,4,T,Nifedipine,PROCARDIA,C08CA,C08CA05,0
2019,4,T,Nifedipine,PROCARDIA XL,C08CA,C08CA05,0
2019,4,T,Nimodipine,NIMODIPINE,C08CA,C08CA06,0
2019,4,T,Nimodipine,NYMALIZE,C08CA,C08CA06,0
2019,4,F,Nisoldipine,NISOLDIPINE,C08CA,C08CA07,14
2019,4,T,Nisoldipine,NISOLDIPINE,C08CA,C08CA07,0
2019,4,F,Perindopril Erbumine,PERINDOPRIL ERBUMINE,C09AA,C09AA04,70
2019,4,T,Perindopril Erbumine,PERINDOPRIL ERBUMINE,C09AA,C09AA04,0
2019,4,F,Pindolol,PINDOLOL,C07AA,C07AA03,1056
2019,4,T,Pindolol,PINDOLOL,C07AA,C07AA03,0
2019,4,T,Prazosin Hydrochloride,MINIPRESS,C02CA,C02CA01,0
2019,4,F,Prazosin Hydrochloride,PRAZOSIN HCL,C02CA,C02CA01,374067
2019,4,T,Prazosin Hydrochloride,PRAZOSIN HCL,C02CA,C02CA01,0
2019,4,F,Propranolol Hydrochloride,HEMANGEOL,C07AA,C07AA05,764
2019,4,T,Propranolol Hydrochloride,HEMANGEOL,C07AA,C07AA05,0
2019,4,T,Propranolol Hydrochloride,INDERAL LA,C07AA,C07AA05,0
2019,4,T,Propranolol Hydrochloride,INDERAL XL,C07AA,C07AA05,0
2019,4,T,Propranolol Hydrochloride,INNOPRAN XL,C07AA,C07AA05,0
2019,4,F,Propranolol Hydrochloride,PROPRANOLOL HCL,C07AA,C07AA05,507631
2019,4,T,Propranolol Hydrochloride,PROPRANOLOL HCL,C07AA,C07AA05,0
2019,4,T,Propranolol Hydrochloride,PROPRANOLOL HCL AVPAK,C07AA,C07AA05,0
2019,4,T,Quinapril Hydrochloride,ACCUPRIL,C09AA,C09AA06,0
2019,4,F,Quinapril Hydrochloride,QUINAPRIL,C09AA,C09AA06,11725
2019,4,T,Quinapril Hydrochloride,QUINAPRIL,C09AA,C09AA06,0
2019,4,T,Quinapril Hydrochloride,QUINAPRIL HCL,C09AA,C09AA06,0
2019,4,T,Ramipril,ALTACE,C09AA,C09AA05,0
2019,4,F,Ramipril,RAMIPRIL,C09AA,C09AA05,40608
2019,4,T,Ramipril,RAMIPRIL,C09AA,C09AA05,0
2019,4,F,Riociguat,ADEMPAS,C02KX,C02KX05,691
2019,4,T,Riociguat,ADEMPAS,C02KX,C02KX05,0
2019,4,F,Sacubitril/Valsartan,ENTRESTO,C09DX,C09DX04,62736
2019,4,T,Sacubitril/Valsartan,ENTRESTO,C09DX,C09DX04,0
2019,4,T,Sotalol Hydrochloride,BETAPACE,C07AA,C07AA07,0
2019,4,T,Sotalol Hydrochloride,BETAPACE AF,C07AA,C07AA07,0
2019,4,T,Sotalol Hydrochloride,SORINE,C07AA,C07AA07,0
2019,4,F,Sotalol Hydrochloride,SOTALOL HCL,C07AA,C07AA07,17328
2019,4,T,Sotalol Hydrochloride,SOTALOL HCL,C07AA,C07AA07,0
2019,4,F,Sotalol Hydrochloride,SOTALOL HCL AF,C07AA,C07AA07,388
2019,4,T,Sotalol Hydrochloride,SOTALOL HCL AF,C07AA,C07AA07,0
2019,4,F,Sotalol Hydrochloride,SOTYLIZE,C07AA,C07AA07,262
2019,4,T,Sotalol Hydrochloride,SOTYLIZE,C07AA,C07AA07,0
2019,4,T,Spironolactone,ALDACTONE,C03DA,C03DA01,0
2019,4,F,Spironolactone,CAROSPIR,C03DA,C03DA01,2138
2019,4,T,Spironolactone,CAROSPIR,C03DA,C03DA01,0
2019,4,F,Spironolactone,SPIRONOLACTONE,C03DA,C03DA01,467373
2019,4,T,Spironolactone,SPIRONOLACTONE,C03DA,C03DA01,0
2019,4,T,Spironolactone,SPIRONOLACTONE AVPAK,C03DA,C03DA01,0
2019,4,F,Telmisartan,MICARDIS,C09CA,C09CA07,768
2019,4,T,Telmisartan,MICARDIS,C09CA,C09CA07,0
2019,4,F,Telmisartan,TELMISARTAN,C09CA,C09CA07,9034
2019,4,T,Telmisartan,TELMISARTAN,C09CA,C09CA07,0
2019,4,T,Timolol Maleate,TIMOLOL MALEATE,C07AA,C07AA06,0
2019,4,T,Tolvaptan,JYNARQUE,C03XA,C03XA01,0
2019,4,F,Tolvaptan,SAMSCA,C03XA,C03XA01,13
2019,4,T,Tolvaptan,SAMSCA,C03XA,C03XA01,0
2019,4,F,Tolvaptan;Tolvaptan,JYNARQUE 45/15,C03XA,C03XA01,300
2019,4,T,Tolvaptan;Tolvaptan,JYNARQUE 45/15,C03XA,C03XA01,0
2019,4,T,Tolvaptan;Tolvaptan,JYNARQUE 60/30,C03XA,C03XA01,0
2019,4,F,Tolvaptan;Tolvaptan,JYNARQUE 90/30,C03XA,C03XA01,35
2019,4,T,Tolvaptan;Tolvaptan,JYNARQUE 90/30,C03XA,C03XA01,0
2019,4,F,Torsemide,TORSEMIDE,C03CA,C03CA04,57080
2019,4,T,Torsemide,TORSEMIDE,C03CA,C03CA04,0
2019,4,T,Torsemide,TORSEMIDE AVPAK,C03CA,C03CA04,0
2019,4,F,Trandolapril,TRANDOLAPRIL,C09AA,C09AA10,81
2019,4,T,Trandolapril,TRANDOLAPRIL,C09AA,C09AA10,0
2019,4,F,Trandolapril/Verapamil Hydrochloride,TARKA,C09BB,C09BB10,18
2019,4,T,Trandolapril/Verapamil Hydrochloride,TARKA,C09BB,C09BB10,0
2019,4,T,Trandolapril/Verapamil Hydrochloride,TRANDOLAPRIL/VERAPAMIL HCL,C09BB,C09BB10,0
2019,4,T,Triamterene,TRIAMTERENE,C03DB,C03DB02,0
2019,4,F,Valsartan,DIOVAN,C09CA,C09CA03,3498
2019,4,T,Valsartan,DIOVAN,C09CA,C09CA03,0
2019,4,F,Valsartan,VALSARTAN,C09CA,C09CA03,66515
2019,4,T,Valsartan,VALSARTAN,C09CA,C09CA03,0
2019,4,T,Valsartan,VALSARTAN AVPAK,C09CA,C09CA03,0
2019,4,T,Verapamil Hydrochloride,CALAN,C08DA,C08DA01,0
2019,4,T,Verapamil Hydrochloride,CALAN SR,C08DA,C08DA01,0
2019,4,F,Verapamil Hydrochloride,VERAPAMIL HCL,C08DA,C08DA01,81774
2019,4,T,Verapamil Hydrochloride,VERAPAMIL HCL,C08DA,C08DA01,0
2019,4,T,Verapamil Hydrochloride,VERAPAMIL HCL NOVAPLUS,C08DA,C08DA01,0
2019,4,T,Verapamil Hydrochloride,VERELAN,C08DA,C08DA01,0
2019,4,T,Verapamil Hydrochloride,VERELAN PM,C08DA,C08DA01,0
